COUNTY	CASES	DEATHS	RECOVERED
Autauga-Alabama	6	0	0
Baldwin-Alabama	5	0	0
Barbour-Alabama	0	0	0
Bibb-Alabama	0	0	0
Blount-Alabama	4	0	0
Bullock-Alabama	2	0	0
Butler-Alabama	1	0	0
Calhoun-Alabama	3	0	0
Chambers-Alabama	13	0	0
Cherokee-Alabama	1	0	0
Chilton-Alabama	6	0	0
Choctaw-Alabama	1	0	0
Clarke-Alabama	0	0	0
Clay-Alabama	1	0	0
Cleburne-Alabama	3	0	0
Coffee-Alabama	0	0	0
Colbert-Alabama	1	0	0
Conecuh-Alabama	0	0	0
Coosa-Alabama	2	0	0
Covington-Alabama	1	0	0
Crenshaw-Alabama	1	0	0
Cullman-Alabama	6	0	0
Dale-Alabama	0	0	0
Dallas-Alabama	2	0	0
De Kalb-Alabama	0	0	0
Elmore-Alabama	12	0	0
Escambia-Alabama	0	0	0
Etowah-Alabama	4	0	0
Fayette-Alabama	0	0	0
Franklin-Alabama	3	0	0
Geneva-Alabama	0	0	0
Greene-Alabama	1	0	0
Hale-Alabama	0	0	0
Henry-Alabama	0	0	0
Houston-Alabama	3	0	0
Jackson-Alabama	4	1	0
Jefferson-Alabama	177	0	0
Lamar-Alabama	1	0	0
Lauderdale-Alabama	9	1	0
Lawrence-Alabama	2	0	0
Lee-Alabama	48	0	0
Limestone-Alabama	14	0	0
Lowndes-Alabama	1	0	0
Macon-Alabama	0	0	0
Madison-Alabama	47	1	0
Marengo-Alabama	2	0	0
Marion-Alabama	7	0	0
Marshall-Alabama	4	0	0
Mobile-Alabama	23	1	0
Monroe-Alabama	0	0	0
Montgomery-Alabama	18	0	0
Morgan-Alabama	9	0	0
Perry-Alabama	0	0	0
Pickens-Alabama	1	0	0
Pike-Alabama	2	0	0
Randolph-Alabama	1	0	0
Russell-Alabama	1	0	0
St Clair-Alabama	0	0	0
Shelby-Alabama	66	0	0
Sumter-Alabama	0	0	0
Talladega-Alabama	4	0	0
Tallapoosa-Alabama	4	0	0
Tuscaloosa-Alabama	21	0	0
Walker-Alabama	23	0	0
Washington-Alabama	2	0	0
Wilcox-Alabama	2	0	0
Winston-Alabama	2	0	0
Aleutians East-Alaska	0	0	0
Aleutians West-Alaska	0	0	0
Anchorage-Alaska	30	0	0
Bethel-Alaska	0	0	0
Bristol Bay-Alaska	0	0	0
Denali-Alaska	0	0	0
Dillingham-Alaska	0	0	0
Fairbanks North Star-Alaska	10	0	0
Haines-Alaska	0	0	0
Juneau-Alaska	3	0	0
Kenai Peninsula-Alaska	4	0	0
Ketchikan Gateway-Alaska	11	0	0
Kodiak Island-Alaska	0	0	0
Lake and Peninsula-Alaska	0	0	0
Matanuska-Susitna-Alaska	0	0	0
Nome-Alaska	0	0	0
North Slope-Alaska	0	0	0
Northwest Arctic-Alaska	0	0	0
Prince of Wales-Outer Ketchikan-Alaska	0	0	0
Sitka-Alaska	0	0	0
Skagway-Hoonah-Angoon-Alaska	0	0	0
Southeast Fairbanks-Alaska	0	0	0
Valdez-Cordova-Alaska	0	0	0
Wade Hampton-Alaska	0	0	0
Wrangell-Petersburg-Alaska	0	0	0
Yakutat-Alaska	0	0	0
Yukon-Koyukuk-Alaska	0	0	0
Apache-Arizona	11	0	0
Cochise-Arizona	2	0	0
Coconino-Arizona	41	2	0
Gila-Arizona	0	0	0
Graham-Arizona	4	0	0
Greenlee-Arizona	0	0	0
La Paz-Arizona	2	0	0
Maricopa-Arizona	399	5	0
Mohave-Arizona	4	0	0
Navajo-Arizona	49	0	0
Pima-Arizona	102	4	0
Pinal-Arizona	36	0	0
Santa Cruz-Arizona	2	0	0
Yavapai-Arizona	9	0	0
Yuma-Arizona	4	0	0
Arkansas-Arkansas	0	0	0
Ashley-Arkansas	0	0	0
Baxter-Arkansas	0	0	0
Benton-Arkansas	23	0	0
Boone-Arkansas	1	0	0
Bradley-Arkansas	4	0	0
Calhoun-Arkansas	0	0	0
Carroll-Arkansas	0	0	0
Chicot-Arkansas	1	0	0
Clark-Arkansas	17	0	0
Clay-Arkansas	0	0	0
Cleburne-Arkansas	49	1	0
Cleveland-Arkansas	3	0	0
Columbia-Arkansas	1	0	0
Conway-Arkansas	1	0	0
Craighead-Arkansas	4	0	0
Crawford-Arkansas	1	0	0
Crittenden-Arkansas	9	0	0
Cross-Arkansas	1	0	0
Dallas-Arkansas	0	0	0
Desha-Arkansas	2	0	0
Drew-Arkansas	1	0	0
Faulkner-Arkansas	27	0	0
Franklin-Arkansas	0	0	0
Fulton-Arkansas	0	0	0
Garland-Arkansas	20	0	0
Grant-Arkansas	3	0	0
Greene-Arkansas	1	0	0
Hempstead-Arkansas	1	0	0
Hot Spring-Arkansas	1	0	0
Howard-Arkansas	0	0	0
Independence-Arkansas	3	0	0
Izard-Arkansas	0	0	0
Jackson-Arkansas	0	0	0
Jefferson-Arkansas	23	0	0
Johnson-Arkansas	0	0	0
Lafayette-Arkansas	0	0	0
Lawrence-Arkansas	1	0	0
Lee-Arkansas	0	0	0
Lincoln-Arkansas	5	0	0
Little River-Arkansas	0	0	0
Logan-Arkansas	0	0	0
Lonoke-Arkansas	1	0	0
Madison-Arkansas	0	0	0
Marion-Arkansas	0	0	0
Miller-Arkansas	0	0	0
Mississippi-Arkansas	0	0	0
Monroe-Arkansas	0	0	0
Montgomery-Arkansas	0	0	0
Nevada-Arkansas	0	0	0
Newton-Arkansas	0	0	0
Ouachita-Arkansas	0	0	0
Perry-Arkansas	0	0	0
Phillips-Arkansas	0	0	0
Pike-Arkansas	1	0	0
Poinsett-Arkansas	3	0	0
Polk-Arkansas	1	0	0
Pope-Arkansas	1	0	0
Prairie-Arkansas	0	0	0
Pulaski-Arkansas	88	0	0
Randolph-Arkansas	1	0	0
St Francis-Arkansas	0	0	0
Saline-Arkansas	4	0	0
Scott-Arkansas	0	0	0
Searcy-Arkansas	2	0	0
Sebastian-Arkansas	2	0	0
Sevier-Arkansas	1	0	0
Sharp-Arkansas	0	0	0
Stone-Arkansas	1	0	0
Union-Arkansas	1	0	0
Van Buren-Arkansas	16	0	0
Washington-Arkansas	13	0	0
White-Arkansas	6	0	0
Woodruff-Arkansas	1	0	0
Yell-Arkansas	0	0	0
Alameda-California	220	4	0
Alpine-California	0	0	0
Amador-California	2	0	0
Butte-California	5	0	0
Calaveras-California	3	0	0
Colusa-California	0	0	0
Contra Costa-California	147	1	0
Del Norte-California	0	0	0
El Dorado-California	9	0	0
Fresno-California	27	0	0
Glenn-California	0	0	0
Humboldt-California	12	0	0
Imperial-California	17	0	0
Inyo-California	3	0	0
Kern-California	33	1	0
Kings-California	0	0	0
Lake-California	0	0	0
Lassen-California	0	0	0
Los Angeles-California	1465	26	0
Madera-California	10	0	0
Marin-California	65	0	0
Mariposa-California	0	0	0
Mendocino-California	2	0	0
Merced-California	4	0	0
Modoc-California	0	0	0
Mono-California	6	0	0
Monterey-California	24	1	0
Napa-California	6	0	0
Nevada-California	8	0	0
Orange-California	321	3	0
Placer-California	30	1	0
Plumas-California	0	0	0
Riverside-California	149	8	0
Sacramento-California	164	6	0
San Benito-California	13	1	0
San Bernardino-California	54	3	0
San Diego-California	341	3	0
San Francisco-California	279	3	0
San Joaquin-California	90	3	0
San Luis Obispo-California	59	0	0
San Mateo-California	239	6	0
Santa Barbara-California	32	0	0
Santa Clara-California	574	20	0
Santa Cruz-California	32	0	0
Shasta-California	3	1	0
Sierra-California	0	0	0
Siskiyou-California	3	0	0
Solano-California	34	0	0
Sonoma-California	44	1	0
Stanislaus-California	17	0	0
Sutter-California	2	0	0
Tehama-California	0	0	0
Trinity-California	0	0	0
Tulare-California	20	0	0
Tuolumne-California	0	0	0
Ventura-California	61	1	0
Yolo-California	13	1	0
Yuba-California	3	0	0
Adams-Colorado	50	0	0
Alamosa-Colorado	0	0	0
Arapahoe-Colorado	119	0	0
Archuleta-Colorado	0	0	0
Baca-Colorado	1	0	0
Bent-Colorado	0	0	0
Boulder-Colorado	66	0	0
Chaffee-Colorado	5	0	0
Cheyenne-Colorado	0	0	0
Clear Creek-Colorado	3	0	0
Conejos-Colorado	0	0	0
Costilla-Colorado	0	0	0
Crowley-Colorado	1	1	0
Custer-Colorado	0	0	0
Delta-Colorado	1	0	0
Denver-Colorado	262	3	0
Dolores-Colorado	0	0	0
Douglas-Colorado	67	0	0
Eagle-Colorado	147	1	0
Elbert-Colorado	3	0	0
El Paso-Colorado	137	5	0
Fremont-Colorado	1	0	0
Garfield-Colorado	16	0	0
Gilpin-Colorado	0	0	0
Grand-Colorado	2	0	0
Gunnison-Colorado	57	1	0
Hinsdale-Colorado	1	0	0
Huerfano-Colorado	1	0	0
Jackson-Colorado	0	0	0
Jefferson-Colorado	131	2	0
Kiowa-Colorado	0	0	0
Kit Carson-Colorado	1	0	0
Lake-Colorado	0	0	0
La Plata-Colorado	5	0	0
Larimer-Colorado	61	1	0
Las Animas-Colorado	0	0	0
Lincoln-Colorado	0	0	0
Logan-Colorado	2	0	0
Mesa-Colorado	6	0	0
Mineral-Colorado	0	0	0
Moffat-Colorado	0	0	0
Montezuma-Colorado	0	0	0
Montrose-Colorado	4	0	0
Morgan-Colorado	3	0	0
Otero-Colorado	1	0	0
Ouray-Colorado	0	0	0
Park-Colorado	1	0	0
Phillips-Colorado	0	0	0
Pitkin-Colorado	23	0	0
Prowers-Colorado	0	0	0
Pueblo-Colorado	3	0	0
Rio Blanco-Colorado	0	0	0
Rio Grande-Colorado	2	0	0
Routt-Colorado	9	0	0
Saguache-Colorado	0	0	0
San Juan-Colorado	0	0	0
San Miguel-Colorado	1	0	0
Sedgwick-Colorado	0	0	0
Summit-Colorado	11	0	0
Teller-Colorado	7	1	0
Washington-Colorado	1	0	0
Weld-Colorado	107	4	0
Yuma-Colorado	2	0	0
Fairfield-Connecticut	752	15	0
Hartford-Connecticut	189	2	0
Litchfield-Connecticut	52	0	0
Middlesex-Connecticut	25	1	0
New Haven-Connecticut	222	6	0
New London-Connecticut	15	0	0
Tolland-Connecticut	33	3	0
Windham-Connecticut	3	0	0
Kent-Delaware	21	0	0
New Castle-Delaware	105	0	0
Sussex-Delaware	37	1	0
Washington-District of Columbia	0	0	0
Alachua-Florida	57	0	0
Baker-Florida	7	0	0
Bay-Florida	3	0	0
Bradford-Florida	1	0	0
Brevard-Florida	16	0	0
Broward-Florida	614	5	0
Calhoun-Florida	0	0	0
Charlotte-Florida	5	0	0
Citrus-Florida	11	1	0
Clay-Florida	22	4	0
Collier-Florida	81	0	0
Columbia-Florida	3	0	0
Dade-Florida	0	0	0
De Soto-Florida	0	0	0
Dixie-Florida	0	0	0
Duval-Florida	90	3	0
Escambia-Florida	22	0	0
Flagler-Florida	11	0	0
Franklin-Florida	0	0	0
Gadsden-Florida	1	0	0
Gilchrist-Florida	0	0	0
Glades-Florida	0	0	0
Gulf-Florida	0	0	0
Hamilton-Florida	0	0	0
Hardee-Florida	0	0	0
Hendry-Florida	0	0	0
Hernando-Florida	10	0	0
Highlands-Florida	5	1	0
Hillsborough-Florida	167	1	0
Holmes-Florida	0	0	0
Indian River-Florida	14	0	0
Jackson-Florida	1	0	0
Jefferson-Florida	0	0	0
Lafayette-Florida	0	0	0
Lake-Florida	29	0	0
Lee-Florida	76	4	0
Leon-Florida	14	0	0
Levy-Florida	0	0	0
Liberty-Florida	0	0	0
Madison-Florida	0	0	0
Manatee-Florida	28	1	0
Marion-Florida	8	0	0
Martin-Florida	16	0	0
Monroe-Florida	16	0	0
Nassau-Florida	6	0	0
Okaloosa-Florida	23	0	0
Okeechobee-Florida	0	0	0
Orange-Florida	156	4	0
Osceola-Florida	53	0	0
Palm Beach-Florida	194	3	0
Pasco-Florida	23	1	0
Pinellas-Florida	77	1	0
Polk-Florida	26	0	0
Putnam-Florida	12	0	0
St Johns-Florida	0	0	0
St Lucie-Florida	0	0	0
Santa Rosa-Florida	11	1	0
Sarasota-Florida	40	2	0
Seminole-Florida	49	0	0
Sumter-Florida	29	0	0
Suwannee-Florida	1	0	0
Taylor-Florida	0	0	0
Union-Florida	0	0	0
Volusia-Florida	39	0	0
Wakulla-Florida	0	0	0
Walton-Florida	13	0	0
Washington-Florida	1	0	0
Appling-Georgia	0	0	0
Atkinson-Georgia	0	0	0
Bacon-Georgia	0	0	0
Baker-Georgia	1	0	0
Baldwin-Georgia	2	0	0
Banks-Georgia	0	0	0
Barrow-Georgia	6	0	0
Bartow-Georgia	98	1	0
Ben Hill-Georgia	2	0	0
Berrien-Georgia	0	0	0
Bibb-Georgia	10	0	0
Bleckley-Georgia	0	0	0
Brantley-Georgia	0	0	0
Brooks-Georgia	0	0	0
Bryan-Georgia	4	0	0
Bulloch-Georgia	0	0	0
Burke-Georgia	3	0	0
Butts-Georgia	3	0	0
Calhoun-Georgia	2	0	0
Camden-Georgia	2	0	0
Candler-Georgia	0	0	0
Carroll-Georgia	55	0	0
Catoosa-Georgia	1	0	0
Charlton-Georgia	1	0	0
Chatham-Georgia	10	0	0
Chattahoochee-Georgia	0	0	0
Chattooga-Georgia	1	0	0
Cherokee-Georgia	46	0	0
Clarke-Georgia	32	1	0
Clay-Georgia	0	0	0
Clayton-Georgia	46	0	0
Clinch-Georgia	1	0	0
Cobb-Georgia	144	2	0
Coffee-Georgia	3	0	0
Colquitt-Georgia	4	0	0
Columbia-Georgia	10	0	0
Cook-Georgia	0	0	0
Coweta-Georgia	19	0	0
Crawford-Georgia	0	0	0
Crisp-Georgia	4	0	0
Dade-Georgia	0	0	0
Dawson-Georgia	2	0	0
Decatur-Georgia	2	0	0
De Kalb-Georgia	0	0	0
Dodge-Georgia	1	0	0
Dooly-Georgia	0	0	0
Dougherty-Georgia	193	12	0
Douglas-Georgia	27	0	0
Early-Georgia	10	1	0
Echols-Georgia	0	0	0
Effingham-Georgia	4	0	0
Elbert-Georgia	0	0	0
Emanuel-Georgia	0	0	0
Evans-Georgia	0	0	0
Fannin-Georgia	2	0	0
Fayette-Georgia	19	1	0
Floyd-Georgia	20	1	0
Forsyth-Georgia	19	0	0
Franklin-Georgia	1	0	0
Fulton-Georgia	307	2	0
Gilmer-Georgia	0	0	0
Glascock-Georgia	0	0	0
Glynn-Georgia	6	0	0
Gordon-Georgia	12	0	0
Grady-Georgia	0	0	0
Greene-Georgia	1	0	0
Gwinnett-Georgia	102	1	0
Habersham-Georgia	1	0	0
Hall-Georgia	24	0	0
Hancock-Georgia	0	0	0
Haralson-Georgia	1	0	0
Harris-Georgia	1	0	0
Hart-Georgia	0	0	0
Heard-Georgia	1	0	0
Henry-Georgia	40	0	0
Houston-Georgia	9	0	0
Irwin-Georgia	3	0	0
Jackson-Georgia	2	0	0
Jasper-Georgia	2	0	0
Jeff Davis-Georgia	0	0	0
Jefferson-Georgia	0	0	0
Jenkins-Georgia	0	0	0
Johnson-Georgia	0	0	0
Jones-Georgia	2	0	0
Lamar-Georgia	3	0	0
Lanier-Georgia	0	0	0
Laurens-Georgia	7	0	0
Lee-Georgia	35	0	0
Liberty-Georgia	1	0	0
Lincoln-Georgia	3	0	0
Long-Georgia	1	0	0
Lowndes-Georgia	16	0	0
Lumpkin-Georgia	4	0	0
McDuffie-Georgia	0	0	0
McIntosh-Georgia	0	0	0
Macon-Georgia	1	0	0
Madison-Georgia	3	0	0
Marion-Georgia	0	0	0
Meriwether-Georgia	3	0	0
Miller-Georgia	2	0	0
Mitchell-Georgia	14	0	0
Monroe-Georgia	3	0	0
Montgomery-Georgia	0	0	0
Morgan-Georgia	1	0	0
Murray-Georgia	0	0	0
Muscogee-Georgia	8	0	0
Newton-Georgia	15	0	0
Oconee-Georgia	10	0	0
Oglethorpe-Georgia	0	0	0
Paulding-Georgia	12	0	0
Peach-Georgia	6	0	0
Pickens-Georgia	4	0	0
Pierce-Georgia	1	0	0
Pike-Georgia	0	0	0
Polk-Georgia	10	0	0
Pulaski-Georgia	1	0	0
Putnam-Georgia	0	0	0
Quitman-Georgia	0	0	0
Rabun-Georgia	0	0	0
Randolph-Georgia	3	0	0
Richmond-Georgia	11	0	0
Rockdale-Georgia	16	0	0
Schley-Georgia	0	0	0
Screven-Georgia	0	0	0
Seminole-Georgia	2	0	0
Spalding-Georgia	11	0	0
Stephens-Georgia	1	0	0
Stewart-Georgia	0	0	0
Sumter-Georgia	10	0	0
Talbot-Georgia	0	0	0
Taliaferro-Georgia	0	0	0
Tattnall-Georgia	2	0	0
Taylor-Georgia	1	0	0
Telfair-Georgia	0	0	0
Terrell-Georgia	6	0	0
Thomas-Georgia	3	0	0
Tift-Georgia	11	0	0
Toombs-Georgia	1	0	0
Towns-Georgia	0	0	0
Treutlen-Georgia	0	0	0
Troup-Georgia	11	0	0
Turner-Georgia	2	0	0
Twiggs-Georgia	2	0	0
Union-Georgia	0	0	0
Upson-Georgia	2	0	0
Walker-Georgia	0	0	0
Walton-Georgia	0	0	0
Ware-Georgia	2	0	0
Warren-Georgia	0	0	0
Washington-Georgia	2	0	0
Wayne-Georgia	0	0	0
Webster-Georgia	0	0	0
Wheeler-Georgia	0	0	0
White-Georgia	1	0	0
Whitfield-Georgia	6	0	0
Wilcox-Georgia	0	0	0
Wilkes-Georgia	1	0	0
Wilkinson-Georgia	0	0	0
Worth-Georgia	7	0	0
Hawaii-Hawaii	5	0	0
Honolulu-Hawaii	76	0	0
Kauai-Hawaii	5	0	0
Maui-Hawaii	14	0	0
Ada-Idaho	54	0	0
Adams-Idaho	0	0	0
Bannock-Idaho	2	0	0
Bear Lake-Idaho	0	0	0
Benewah-Idaho	0	0	0
Bingham-Idaho	1	0	0
Blaine-Idaho	93	2	0
Boise-Idaho	0	0	0
Bonner-Idaho	0	0	0
Bonneville-Idaho	0	0	0
Boundary-Idaho	0	0	0
Butte-Idaho	0	0	0
Camas-Idaho	0	0	0
Canyon-Idaho	23	1	0
Caribou-Idaho	0	0	0
Cassia-Idaho	1	0	0
Clark-Idaho	0	0	0
Clearwater-Idaho	0	0	0
Custer-Idaho	1	0	0
Elmore-Idaho	0	0	0
Franklin-Idaho	0	0	0
Fremont-Idaho	1	0	0
Gem-Idaho	0	0	0
Gooding-Idaho	0	0	0
Idaho-Idaho	1	0	0
Jefferson-Idaho	2	0	0
Jerome-Idaho	0	0	0
Kootenai-Idaho	10	0	0
Latah-Idaho	0	0	0
Lemhi-Idaho	0	0	0
Lewis-Idaho	0	0	0
Lincoln-Idaho	0	0	0
Madison-Idaho	2	0	0
Minidoka-Idaho	0	0	0
Nez Perce-Idaho	4	0	0
Oneida-Idaho	0	0	0
Owyhee-Idaho	0	0	0
Payette-Idaho	4	0	0
Power-Idaho	0	0	0
Shoshone-Idaho	0	0	0
Teton-Idaho	2	0	0
Twin Falls-Idaho	3	0	0
Valley-Idaho	1	0	0
Washington-Idaho	0	0	0
Adams-Illinois	1	0	0
Alexander-Illinois	0	0	0
Bond-Illinois	0	0	0
Boone-Illinois	0	0	0
Brown-Illinois	0	0	0
Bureau-Illinois	1	0	0
Calhoun-Illinois	0	0	0
Carroll-Illinois	0	0	0
Cass-Illinois	0	0	0
Champaign-Illinois	10	0	0
Christian-Illinois	1	0	0
Clark-Illinois	0	0	0
Clay-Illinois	0	0	0
Clinton-Illinois	5	0	0
Coles-Illinois	0	0	0
Cook-Illinois	2239	20	0
Crawford-Illinois	0	0	0
Cumberland-Illinois	1	0	0
De Kalb-Illinois	0	0	0
De Witt-Illinois	0	0	0
Douglas-Illinois	1	0	0
Du Page-Illinois	0	0	0
Edgar-Illinois	0	0	0
Edwards-Illinois	0	0	0
Effingham-Illinois	0	0	0
Fayette-Illinois	0	0	0
Ford-Illinois	0	0	0
Franklin-Illinois	1	0	0
Fulton-Illinois	0	0	0
Gallatin-Illinois	0	0	0
Greene-Illinois	0	0	0
Grundy-Illinois	2	0	0
Hamilton-Illinois	0	0	0
Hancock-Illinois	0	0	0
Hardin-Illinois	0	0	0
Henderson-Illinois	0	0	0
Henry-Illinois	1	0	0
Iroquois-Illinois	1	0	0
Jackson-Illinois	1	0	0
Jasper-Illinois	0	0	0
Jefferson-Illinois	0	0	0
Jersey-Illinois	0	0	0
Jo Daviess-Illinois	1	0	0
Johnson-Illinois	0	0	0
Kane-Illinois	75	2	0
Kankakee-Illinois	17	0	0
Kendall-Illinois	8	0	0
Knox-Illinois	0	0	0
Lake-Illinois	230	0	0
La Salle-Illinois	0	0	0
Lawrence-Illinois	0	0	0
Lee-Illinois	0	0	0
Livingston-Illinois	2	0	0
Logan-Illinois	0	0	0
McDonough-Illinois	0	0	0
McHenry-Illinois	45	1	0
McLean-Illinois	10	1	0
Macon-Illinois	0	0	0
Macoupin-Illinois	0	0	0
Madison-Illinois	8	0	0
Marion-Illinois	0	0	0
Marshall-Illinois	1	0	0
Mason-Illinois	0	0	0
Massac-Illinois	0	0	0
Menard-Illinois	0	0	0
Mercer-Illinois	0	0	0
Monroe-Illinois	3	0	0
Montgomery-Illinois	0	0	0
Morgan-Illinois	1	0	0
Moultrie-Illinois	0	0	0
Ogle-Illinois	0	0	0
Peoria-Illinois	6	0	0
Perry-Illinois	0	0	0
Piatt-Illinois	0	0	0
Pike-Illinois	0	0	0
Pope-Illinois	0	0	0
Pulaski-Illinois	0	0	0
Putnam-Illinois	0	0	0
Randolph-Illinois	0	0	0
Richland-Illinois	0	0	0
Rock Island-Illinois	4	0	0
St Clair-Illinois	0	0	0
Saline-Illinois	0	0	0
Sangamon-Illinois	7	1	0
Schuyler-Illinois	0	0	0
Scott-Illinois	0	0	0
Shelby-Illinois	0	0	0
Stark-Illinois	0	0	0
Stephenson-Illinois	2	0	0
Tazewell-Illinois	2	0	0
Union-Illinois	0	0	0
Vermilion-Illinois	0	0	0
Wabash-Illinois	0	0	0
Warren-Illinois	0	0	0
Washington-Illinois	1	0	0
Wayne-Illinois	0	0	0
White-Illinois	0	0	0
Whiteside-Illinois	2	0	0
Will-Illinois	104	3	0
Williamson-Illinois	1	0	0
Winnebago-Illinois	8	0	0
Woodford-Illinois	3	0	0
Adams-Indiana	1	0	0
Allen-Indiana	21	1	0
Bartholomew-Indiana	6	0	0
Benton-Indiana	0	0	0
Blackford-Indiana	0	0	0
Boone-Indiana	7	0	0
Brown-Indiana	2	0	0
Carroll-Indiana	0	0	0
Cass-Indiana	0	0	0
Clark-Indiana	12	0	0
Clay-Indiana	0	0	0
Clinton-Indiana	1	0	0
Crawford-Indiana	0	0	0
Daviess-Indiana	0	0	0
Dearborn-Indiana	4	1	0
Decatur-Indiana	26	0	0
De Kalb-Indiana	0	0	0
Delaware-Indiana	8	1	0
Dubois-Indiana	1	0	0
Elkhart-Indiana	9	0	0
Fayette-Indiana	3	0	0
Floyd-Indiana	11	0	0
Fountain-Indiana	1	0	0
Franklin-Indiana	21	1	0
Fulton-Indiana	1	0	0
Gibson-Indiana	3	0	0
Grant-Indiana	5	0	0
Greene-Indiana	0	0	0
Hamilton-Indiana	52	0	0
Hancock-Indiana	13	1	0
Harrison-Indiana	4	0	0
Hendricks-Indiana	28	2	0
Henry-Indiana	1	0	0
Howard-Indiana	7	1	0
Huntington-Indiana	1	0	0
Jackson-Indiana	4	0	0
Jasper-Indiana	4	1	0
Jay-Indiana	0	0	0
Jefferson-Indiana	0	0	0
Jennings-Indiana	5	0	0
Johnson-Indiana	42	3	0
Knox-Indiana	0	0	0
Kosciusko-Indiana	1	0	0
La Grange-Indiana	0	0	0
Lake-Indiana	47	0	0
La Porte-Indiana	0	0	0
Lawrence-Indiana	5	0	0
Madison-Indiana	7	1	0
Marion-Indiana	484	8	0
Marshall-Indiana	4	0	0
Martin-Indiana	0	0	0
Miami-Indiana	1	0	0
Monroe-Indiana	8	0	0
Montgomery-Indiana	3	0	0
Morgan-Indiana	10	0	0
Newton-Indiana	0	0	0
Noble-Indiana	1	0	0
Ohio-Indiana	1	0	0
Orange-Indiana	1	0	0
Owen-Indiana	5	0	0
Parke-Indiana	0	0	0
Perry-Indiana	0	0	0
Pike-Indiana	0	0	0
Porter-Indiana	6	0	0
Posey-Indiana	1	0	0
Pulaski-Indiana	0	0	0
Putnam-Indiana	2	1	0
Randolph-Indiana	0	0	0
Ripley-Indiana	14	0	0
Rush-Indiana	3	0	0
St Joseph-Indiana	0	0	0
Scott-Indiana	1	1	0
Shelby-Indiana	6	0	0
Spencer-Indiana	0	0	0
Starke-Indiana	1	0	0
Steuben-Indiana	0	0	0
Sullivan-Indiana	1	0	0
Switzerland-Indiana	0	0	0
Tippecanoe-Indiana	8	1	0
Tipton-Indiana	2	0	0
Union-Indiana	0	0	0
Vanderburgh-Indiana	6	0	0
Vermillion-Indiana	0	0	0
Vigo-Indiana	3	0	0
Wabash-Indiana	1	0	0
Warren-Indiana	1	0	0
Warrick-Indiana	3	0	0
Washington-Indiana	4	0	0
Wayne-Indiana	1	0	0
Wells-Indiana	1	0	0
White-Indiana	0	0	0
Whitley-Indiana	0	0	0
Adair-Iowa	1	0	0
Adams-Iowa	0	0	0
Allamakee-Iowa	7	1	0
Appanoose-Iowa	1	0	0
Audubon-Iowa	0	0	0
Benton-Iowa	3	0	0
Black Hawk-Iowa	7	0	0
Boone-Iowa	0	0	0
Bremer-Iowa	0	0	0
Buchanan-Iowa	1	0	0
Buena Vista-Iowa	0	0	0
Butler-Iowa	1	0	0
Calhoun-Iowa	0	0	0
Carroll-Iowa	1	0	0
Cass-Iowa	0	0	0
Cedar-Iowa	5	0	0
Cerro Gordo-Iowa	3	0	0
Cherokee-Iowa	0	0	0
Chickasaw-Iowa	0	0	0
Clarke-Iowa	0	0	0
Clay-Iowa	0	0	0
Clayton-Iowa	1	0	0
Clinton-Iowa	1	0	0
Crawford-Iowa	0	0	0
Dallas-Iowa	9	0	0
Davis-Iowa	0	0	0
Decatur-Iowa	0	0	0
Delaware-Iowa	0	0	0
Des Moines-Iowa	1	0	0
Dickinson-Iowa	1	0	0
Dubuque-Iowa	8	1	0
Emmet-Iowa	0	0	0
Fayette-Iowa	1	0	0
Floyd-Iowa	0	0	0
Franklin-Iowa	0	0	0
Fremont-Iowa	0	0	0
Greene-Iowa	0	0	0
Grundy-Iowa	0	0	0
Guthrie-Iowa	0	0	0
Hamilton-Iowa	0	0	0
Hancock-Iowa	3	0	0
Hardin-Iowa	1	0	0
Harrison-Iowa	7	0	0
Henry-Iowa	2	0	0
Howard-Iowa	0	0	0
Humboldt-Iowa	0	0	0
Ida-Iowa	0	0	0
Iowa-Iowa	1	0	0
Jackson-Iowa	0	0	0
Jasper-Iowa	2	0	0
Jefferson-Iowa	0	0	0
Johnson-Iowa	58	0	0
Jones-Iowa	0	0	0
Keokuk-Iowa	0	0	0
Kossuth-Iowa	1	0	0
Lee-Iowa	0	0	0
Linn-Iowa	22	0	0
Louisa-Iowa	0	0	0
Lucas-Iowa	0	0	0
Lyon-Iowa	0	0	0
Madison-Iowa	0	0	0
Mahaska-Iowa	2	0	0
Marion-Iowa	0	0	0
Marshall-Iowa	1	0	0
Mills-Iowa	0	0	0
Mitchell-Iowa	0	0	0
Monona-Iowa	2	0	0
Monroe-Iowa	0	0	0
Montgomery-Iowa	1	0	0
Muscatine-Iowa	7	0	0
O Brien-Iowa	0	0	0
Osceola-Iowa	0	0	0
Page-Iowa	2	0	0
Palo Alto-Iowa	0	0	0
Plymouth-Iowa	0	0	0
Pocahontas-Iowa	0	0	0
Polk-Iowa	28	0	0
Pottawattamie-Iowa	3	0	0
Poweshiek-Iowa	4	1	0
Ringgold-Iowa	0	0	0
Sac-Iowa	0	0	0
Scott-Iowa	7	0	0
Shelby-Iowa	0	0	0
Sioux-Iowa	2	0	0
Story-Iowa	2	0	0
Tama-Iowa	5	0	0
Taylor-Iowa	0	0	0
Union-Iowa	0	0	0
Van Buren-Iowa	0	0	0
Wapello-Iowa	1	0	0
Warren-Iowa	1	0	0
Washington-Iowa	11	0	0
Wayne-Iowa	0	0	0
Webster-Iowa	1	0	0
Winnebago-Iowa	0	0	0
Winneshiek-Iowa	2	0	0
Woodbury-Iowa	3	0	0
Worth-Iowa	0	0	0
Wright-Iowa	1	0	0
Allen-Kansas	0	0	0
Anderson-Kansas	0	0	0
Atchison-Kansas	0	0	0
Barber-Kansas	0	0	0
Barton-Kansas	0	0	0
Bourbon-Kansas	3	0	0
Brown-Kansas	0	0	0
Butler-Kansas	3	0	0
Chase-Kansas	0	0	0
Chautauqua-Kansas	0	0	0
Cherokee-Kansas	2	0	0
Cheyenne-Kansas	0	0	0
Clark-Kansas	0	0	0
Clay-Kansas	1	0	0
Cloud-Kansas	0	0	0
Coffey-Kansas	1	0	0
Comanche-Kansas	0	0	0
Cowley-Kansas	0	0	0
Crawford-Kansas	3	0	0
Decatur-Kansas	0	0	0
Dickinson-Kansas	0	0	0
Doniphan-Kansas	1	0	0
Douglas-Kansas	14	0	0
Edwards-Kansas	0	0	0
Elk-Kansas	0	0	0
Ellis-Kansas	0	0	0
Ellsworth-Kansas	0	0	0
Finney-Kansas	0	0	0
Ford-Kansas	0	0	0
Franklin-Kansas	2	0	0
Geary-Kansas	0	0	0
Gove-Kansas	1	0	0
Graham-Kansas	0	0	0
Grant-Kansas	0	0	0
Gray-Kansas	0	0	0
Greeley-Kansas	0	0	0
Greenwood-Kansas	0	0	0
Hamilton-Kansas	0	0	0
Harper-Kansas	0	0	0
Harvey-Kansas	1	0	0
Haskell-Kansas	0	0	0
Hodgeman-Kansas	0	0	0
Jackson-Kansas	1	0	0
Jefferson-Kansas	1	0	0
Jewell-Kansas	0	0	0
Johnson-Kansas	66	1	0
Kearny-Kansas	0	0	0
Kingman-Kansas	0	0	0
Kiowa-Kansas	0	0	0
Labette-Kansas	0	0	0
Lane-Kansas	0	0	0
Leavenworth-Kansas	12	0	0
Lincoln-Kansas	0	0	0
Linn-Kansas	4	0	0
Logan-Kansas	0	0	0
Lyon-Kansas	4	0	0
McPherson-Kansas	1	0	0
Marion-Kansas	0	0	0
Marshall-Kansas	0	0	0
Meade-Kansas	0	0	0
Miami-Kansas	0	0	0
Mitchell-Kansas	2	0	0
Montgomery-Kansas	0	0	0
Morris-Kansas	2	0	0
Morton-Kansas	0	0	0
Nemaha-Kansas	0	0	0
Neosho-Kansas	1	0	0
Ness-Kansas	0	0	0
Norton-Kansas	0	0	0
Osage-Kansas	1	0	0
Osborne-Kansas	0	0	0
Ottawa-Kansas	1	0	0
Pawnee-Kansas	0	0	0
Phillips-Kansas	0	0	0
Pottawatomie-Kansas	1	0	0
Pratt-Kansas	0	0	0
Rawlins-Kansas	0	0	0
Reno-Kansas	5	0	0
Republic-Kansas	0	0	0
Rice-Kansas	0	0	0
Riley-Kansas	2	0	0
Rooks-Kansas	0	0	0
Rush-Kansas	0	0	0
Russell-Kansas	0	0	0
Saline-Kansas	0	0	0
Scott-Kansas	0	0	0
Sedgwick-Kansas	20	0	0
Seward-Kansas	0	0	0
Shawnee-Kansas	5	0	0
Sheridan-Kansas	0	0	0
Sherman-Kansas	0	0	0
Smith-Kansas	0	0	0
Stafford-Kansas	0	0	0
Stanton-Kansas	0	0	0
Stevens-Kansas	0	0	0
Sumner-Kansas	1	0	0
Thomas-Kansas	0	0	0
Trego-Kansas	0	0	0
Wabaunsee-Kansas	0	0	0
Wallace-Kansas	0	0	0
Washington-Kansas	0	0	0
Wichita-Kansas	0	0	0
Wilson-Kansas	0	0	0
Woodson-Kansas	1	0	0
Wyandotte-Kansas	43	3	0
Adair-Kentucky	0	0	0
Allen-Kentucky	1	0	0
Anderson-Kentucky	2	1	0
Ballard-Kentucky	0	0	0
Barren-Kentucky	0	0	0
Bath-Kentucky	0	0	0
Bell-Kentucky	0	0	0
Boone-Kentucky	1	0	0
Bourbon-Kentucky	2	1	0
Boyd-Kentucky	0	0	0
Boyle-Kentucky	0	0	0
Bracken-Kentucky	0	0	0
Breathitt-Kentucky	2	0	0
Breckinridge-Kentucky	0	0	0
Bullitt-Kentucky	0	0	0
Butler-Kentucky	0	0	0
Caldwell-Kentucky	0	0	0
Calloway-Kentucky	1	0	0
Campbell-Kentucky	1	0	0
Carlisle-Kentucky	0	0	0
Carroll-Kentucky	0	0	0
Carter-Kentucky	0	0	0
Casey-Kentucky	0	0	0
Christian-Kentucky	2	0	0
Clark-Kentucky	2	0	0
Clay-Kentucky	0	0	0
Clinton-Kentucky	0	0	0
Crittenden-Kentucky	0	0	0
Cumberland-Kentucky	0	0	0
Daviess-Kentucky	14	0	0
Edmonson-Kentucky	0	0	0
Elliott-Kentucky	0	0	0
Estill-Kentucky	0	0	0
Fayette-Kentucky	28	2	0
Fleming-Kentucky	0	0	0
Floyd-Kentucky	0	0	0
Franklin-Kentucky	2	0	0
Fulton-Kentucky	0	0	0
Gallatin-Kentucky	0	0	0
Garrard-Kentucky	0	0	0
Grant-Kentucky	0	0	0
Graves-Kentucky	0	0	0
Grayson-Kentucky	0	0	0
Green-Kentucky	0	0	0
Greenup-Kentucky	0	0	0
Hancock-Kentucky	0	0	0
Hardin-Kentucky	2	0	0
Harlan-Kentucky	0	0	0
Harrison-Kentucky	10	0	0
Hart-Kentucky	0	0	0
Henderson-Kentucky	2	0	0
Henry-Kentucky	0	0	0
Hickman-Kentucky	0	0	0
Hopkins-Kentucky	0	1	0
Jackson-Kentucky	0	0	0
Jefferson-Kentucky	35	2	0
Jessamine-Kentucky	1	0	0
Johnson-Kentucky	0	0	0
Kenton-Kentucky	8	0	0
Knott-Kentucky	0	0	0
Knox-Kentucky	0	0	0
Larue-Kentucky	0	0	0
Laurel-Kentucky	1	0	0
Lawrence-Kentucky	0	0	0
Lee-Kentucky	0	0	0
Leslie-Kentucky	0	0	0
Letcher-Kentucky	0	0	0
Lewis-Kentucky	0	0	0
Lincoln-Kentucky	0	0	0
Livingston-Kentucky	0	0	0
Logan-Kentucky	1	0	0
Lyon-Kentucky	1	0	0
McCracken-Kentucky	2	0	0
McCreary-Kentucky	0	0	0
McLean-Kentucky	0	0	0
Madison-Kentucky	2	0	0
Magoffin-Kentucky	0	0	0
Marion-Kentucky	0	0	0
Marshall-Kentucky	0	0	0
Martin-Kentucky	1	0	0
Mason-Kentucky	0	0	0
Meade-Kentucky	0	0	0
Menifee-Kentucky	1	0	0
Mercer-Kentucky	0	0	0
Metcalfe-Kentucky	0	0	0
Monroe-Kentucky	0	0	0
Montgomery-Kentucky	2	0	0
Morgan-Kentucky	0	0	0
Muhlenberg-Kentucky	2	0	0
Nelson-Kentucky	1	0	0
Nicholas-Kentucky	0	0	0
Ohio-Kentucky	0	0	0
Oldham-Kentucky	1	0	0
Owen-Kentucky	0	0	0
Owsley-Kentucky	0	0	0
Pendleton-Kentucky	0	0	0
Perry-Kentucky	0	0	0
Pike-Kentucky	0	0	0
Powell-Kentucky	0	0	0
Pulaski-Kentucky	3	0	0
Robertson-Kentucky	0	0	0
Rockcastle-Kentucky	0	0	0
Rowan-Kentucky	0	0	0
Russell-Kentucky	0	0	0
Scott-Kentucky	1	0	0
Shelby-Kentucky	0	0	0
Simpson-Kentucky	1	0	0
Spencer-Kentucky	1	0	0
Taylor-Kentucky	0	0	0
Todd-Kentucky	0	0	0
Trigg-Kentucky	0	0	0
Trimble-Kentucky	0	0	0
Union-Kentucky	0	0	0
Warren-Kentucky	5	0	0
Washington-Kentucky	0	0	0
Wayne-Kentucky	0	0	0
Webster-Kentucky	1	0	0
Whitley-Kentucky	0	0	0
Wolfe-Kentucky	0	0	0
Woodford-Kentucky	0	0	0
Acadia-Louisiana	8	1	0
Allen-Louisiana	5	0	0
Ascension-Louisiana	90	1	0
Assumption-Louisiana	8	0	0
Avoyelles-Louisiana	10	0	0
Beauregard-Louisiana	4	0	0
Bienville-Louisiana	1	1	0
Bossier-Louisiana	37	0	0
Caddo-Louisiana	140	2	0
Calcasieu-Louisiana	22	1	0
Caldwell-Louisiana	0	0	0
Cameron-Louisiana	0	0	0
Catahoula-Louisiana	1	1	0
Claiborne-Louisiana	3	0	0
Concordia-Louisiana	0	0	0
De Soto-Louisiana	13	1	0
East Baton Rouge-Louisiana	124	4	0
East Carroll-Louisiana	0	0	0
East Feliciana-Louisiana	5	0	0
Evangeline-Louisiana	4	0	0
Franklin-Louisiana	0	0	0
Grant-Louisiana	1	0	0
Iberia-Louisiana	4	0	0
Iberville-Louisiana	20	1	0
Jackson-Louisiana	3	0	0
Jefferson-Louisiana	548	24	0
Jefferson Davis-Louisiana	1	0	0
Lafayette-Louisiana	44	0	0
Lafourche-Louisiana	30	2	0
La Salle-Louisiana	0	0	0
Lincoln-Louisiana	7	0	0
Livingston-Louisiana	11	0	0
Madison-Louisiana	1	0	0
Morehouse-Louisiana	2	0	0
Natchitoches-Louisiana	2	0	0
Orleans-Louisiana	1170	57	0
Ouachita-Louisiana	25	1	0
Plaquemines-Louisiana	16	2	0
Pointe Coupee-Louisiana	1	0	0
Rapides-Louisiana	26	1	0
Red River-Louisiana	0	0	0
Richland-Louisiana	2	0	0
Sabine-Louisiana	0	0	0
St Bernard-Louisiana	0	0	0
St Charles-Louisiana	0	0	0
St Helena-Louisiana	0	0	0
St James-Louisiana	0	0	0
St John the Baptist-Louisiana	0	0	0
St Landry-Louisiana	0	0	0
St Martin-Louisiana	0	0	0
St Mary-Louisiana	0	0	0
St Tammany-Louisiana	0	0	0
Tangipahoa-Louisiana	7	0	0
Tensas-Louisiana	0	0	0
Terrebonne-Louisiana	23	1	0
Union-Louisiana	4	0	0
Vermilion-Louisiana	2	0	0
Vernon-Louisiana	2	0	0
Washington-Louisiana	8	1	0
Webster-Louisiana	9	1	0
West Baton Rouge-Louisiana	11	1	0
West Carroll-Louisiana	0	0	0
West Feliciana-Louisiana	0	0	0
Winn-Louisiana	1	0	0
Androscoggin-Maine	6	0	0
Aroostook-Maine	0	0	0
Cumberland-Maine	92	1	0
Franklin-Maine	1	0	0
Hancock-Maine	0	0	0
Kennebec-Maine	6	0	0
Knox-Maine	2	0	0
Lincoln-Maine	5	0	0
Oxford-Maine	8	0	0
Penobscot-Maine	6	0	0
Piscataquis-Maine	0	0	0
Sagadahoc-Maine	4	0	0
Somerset-Maine	0	0	0
Waldo-Maine	2	0	0
Washington-Maine	0	0	0
York-Maine	33	0	0
Allegany-Maryland	0	0	0
Anne Arundel-Maryland	63	0	0
Baltimore-Maryland	103	1	0
Calvert-Maryland	9	0	0
Caroline-Maryland	1	0	0
Carroll-Maryland	9	0	0
Cecil-Maryland	9	0	0
Charles-Maryland	17	0	0
Dorchester-Maryland	0	0	0
Frederick-Maryland	15	0	0
Garrett-Maryland	3	0	0
Harford-Maryland	18	0	0
Howard-Maryland	62	0	0
Kent-Maryland	2	0	0
Montgomery-Maryland	208	1	0
Prince Georges-Maryland	0	0	0
Queen Annes-Maryland	0	0	0
St Marys-Maryland	0	0	0
Somerset-Maryland	1	0	0
Talbot-Maryland	1	0	0
Washington-Maryland	5	0	0
Wicomico-Maryland	5	0	0
Worcester-Maryland	2	0	0
Baltimore City-Maryland	88	0	0
Barnstable-Massachusetts	100	2	0
Berkshire-Massachusetts	105	2	0
Bristol-Massachusetts	129	1	0
Dukes-Massachusetts	0	0	0
Essex-Massachusetts	350	2	0
Franklin-Massachusetts	24	2	0
Hampden-Massachusetts	90	1	0
Hampshire-Massachusetts	20	0	0
Middlesex-Massachusetts	685	5	0
Nantucket-Massachusetts	0	0	0
Norfolk-Massachusetts	393	6	0
Plymouth-Massachusetts	187	0	0
Suffolk-Massachusetts	631	2	0
Worcester-Massachusetts	219	3	0
Alcona-Michigan	0	0	0
Alger-Michigan	0	0	0
Allegan-Michigan	1	0	0
Alpena-Michigan	0	0	0
Antrim-Michigan	0	0	0
Arenac-Michigan	0	0	0
Baraga-Michigan	0	0	0
Barry-Michigan	1	0	0
Bay-Michigan	4	0	0
Benzie-Michigan	0	0	0
Berrien-Michigan	18	0	0
Branch-Michigan	0	0	0
Calhoun-Michigan	9	0	0
Cass-Michigan	1	0	0
Charlevoix-Michigan	4	0	0
Cheboygan-Michigan	0	0	0
Chippewa-Michigan	1	0	0
Clare-Michigan	1	0	0
Clinton-Michigan	8	0	0
Crawford-Michigan	1	0	0
Delta-Michigan	0	0	0
Dickinson-Michigan	0	0	0
Eaton-Michigan	8	0	0
Emmet-Michigan	3	0	0
Genesee-Michigan	91	4	0
Gladwin-Michigan	2	0	0
Gogebic-Michigan	1	1	0
Grand Traverse-Michigan	3	0	0
Gratiot-Michigan	1	0	0
Hillsdale-Michigan	6	0	0
Houghton-Michigan	0	0	0
Huron-Michigan	1	0	0
Ingham-Michigan	26	1	0
Ionia-Michigan	2	0	0
Iosco-Michigan	1	0	0
Iron-Michigan	0	0	0
Isabella-Michigan	4	0	0
Jackson-Michigan	16	0	0
Kalamazoo-Michigan	11	0	0
Kalkaska-Michigan	4	0	0
Kent-Michigan	45	1	0
Keweenaw-Michigan	0	0	0
Lake-Michigan	0	0	0
Lapeer-Michigan	4	0	0
Leelanau-Michigan	1	0	0
Lenawee-Michigan	8	0	0
Livingston-Michigan	31	1	0
Luce-Michigan	0	0	0
Mackinac-Michigan	0	0	0
Macomb-Michigan	404	14	0
Manistee-Michigan	1	0	0
Marquette-Michigan	1	0	0
Mason-Michigan	0	0	0
Mecosta-Michigan	1	1	0
Menominee-Michigan	0	0	0
Midland-Michigan	8	0	0
Missaukee-Michigan	1	0	0
Monroe-Michigan	28	0	0
Montcalm-Michigan	3	0	0
Montmorency-Michigan	0	0	0
Muskegon-Michigan	6	2	0
Newaygo-Michigan	1	0	0
Oakland-Michigan	824	26	0
Oceana-Michigan	1	0	0
Ogemaw-Michigan	1	0	0
Ontonagon-Michigan	0	0	0
Osceola-Michigan	0	0	0
Oscoda-Michigan	0	0	0
Otsego-Michigan	7	0	0
Ottawa-Michigan	21	0	0
Presque Isle-Michigan	0	0	0
Roscommon-Michigan	1	0	0
Saginaw-Michigan	14	0	0
St Clair-Michigan	0	0	0
St Joseph-Michigan	0	0	0
Sanilac-Michigan	2	0	0
Schoolcraft-Michigan	0	0	0
Shiawassee-Michigan	2	0	0
Tuscola-Michigan	2	1	0
Van Buren-Michigan	3	0	0
Washtenaw-Michigan	150	3	0
Wayne-Michigan	1810	37	0
Wexford-Michigan	1	0	0
Aitkin-Minnesota	0	0	0
Anoka-Minnesota	10	0	0
Becker-Minnesota	0	0	0
Beltrami-Minnesota	1	0	0
Benton-Minnesota	1	0	0
Big Stone-Minnesota	1	0	0
Blue Earth-Minnesota	7	0	0
Brown-Minnesota	0	0	0
Carlton-Minnesota	0	0	0
Carver-Minnesota	8	0	0
Cass-Minnesota	1	0	0
Chippewa-Minnesota	0	0	0
Chisago-Minnesota	2	0	0
Clay-Minnesota	4	0	0
Clearwater-Minnesota	0	0	0
Cook-Minnesota	0	0	0
Cottonwood-Minnesota	0	0	0
Crow Wing-Minnesota	0	0	0
Dakota-Minnesota	28	0	0
Dodge-Minnesota	5	0	0
Douglas-Minnesota	0	0	0
Faribault-Minnesota	1	0	0
Fillmore-Minnesota	3	0	0
Freeborn-Minnesota	0	0	0
Goodhue-Minnesota	2	0	0
Grant-Minnesota	0	0	0
Hennepin-Minnesota	141	0	0
Houston-Minnesota	0	0	0
Hubbard-Minnesota	0	0	0
Isanti-Minnesota	0	0	0
Itasca-Minnesota	0	0	0
Jackson-Minnesota	1	0	0
Kanabec-Minnesota	0	0	0
Kandiyohi-Minnesota	1	0	0
Kittson-Minnesota	0	0	0
Koochiching-Minnesota	0	0	0
Lac qui Parle-Minnesota	0	0	0
Lake-Minnesota	0	0	0
Lake of the Woods-Minnesota	0	0	0
Le Sueur-Minnesota	10	0	0
Lincoln-Minnesota	1	0	0
Lyon-Minnesota	0	0	0
McLeod-Minnesota	0	0	0
Mahnomen-Minnesota	1	0	0
Marshall-Minnesota	0	0	0
Martin-Minnesota	18	0	0
Meeker-Minnesota	0	0	0
Mille Lacs-Minnesota	0	0	0
Morrison-Minnesota	0	0	0
Mower-Minnesota	10	0	0
Murray-Minnesota	0	0	0
Nicollet-Minnesota	3	0	0
Nobles-Minnesota	0	0	0
Norman-Minnesota	0	0	0
Olmsted-Minnesota	34	0	0
Otter Tail-Minnesota	0	0	0
Pennington-Minnesota	0	0	0
Pine-Minnesota	0	0	0
Pipestone-Minnesota	0	0	0
Polk-Minnesota	0	0	0
Pope-Minnesota	0	0	0
Ramsey-Minnesota	34	2	0
Red Lake-Minnesota	0	0	0
Redwood-Minnesota	0	0	0
Renville-Minnesota	1	0	0
Rice-Minnesota	2	0	0
Rock-Minnesota	0	0	0
Roseau-Minnesota	0	0	0
St Louis-Minnesota	0	0	0
Scott-Minnesota	7	0	0
Sherburne-Minnesota	3	0	0
Sibley-Minnesota	1	0	0
Stearns-Minnesota	5	0	0
Steele-Minnesota	5	0	0
Stevens-Minnesota	0	0	0
Swift-Minnesota	0	0	0
Todd-Minnesota	0	0	0
Traverse-Minnesota	0	0	0
Wabasha-Minnesota	4	0	0
Wadena-Minnesota	0	0	0
Waseca-Minnesota	3	0	0
Washington-Minnesota	22	0	0
Watonwan-Minnesota	0	0	0
Wilkin-Minnesota	1	0	0
Winona-Minnesota	4	0	0
Wright-Minnesota	5	0	0
Yellow Medicine-Minnesota	0	0	0
Adams-Mississippi	6	0	0
Alcorn-Mississippi	0	0	0
Amite-Mississippi	0	0	0
Attala-Mississippi	8	0	0
Benton-Mississippi	2	0	0
Bolivar-Mississippi	9	0	0
Calhoun-Mississippi	3	0	0
Carroll-Mississippi	0	0	0
Chickasaw-Mississippi	9	0	0
Choctaw-Mississippi	4	0	0
Claiborne-Mississippi	0	0	0
Clarke-Mississippi	0	0	0
Clay-Mississippi	2	0	0
Coahoma-Mississippi	18	0	0
Copiah-Mississippi	8	0	0
Covington-Mississippi	0	0	0
De Soto-Mississippi	0	0	0
Forrest-Mississippi	16	0	0
Franklin-Mississippi	2	0	0
George-Mississippi	1	0	0
Greene-Mississippi	0	0	0
Grenada-Mississippi	2	0	0
Hancock-Mississippi	9	1	0
Harrison-Mississippi	34	1	0
Hinds-Mississippi	50	0	0
Holmes-Mississippi	10	1	0
Humphreys-Mississippi	1	0	0
Issaquena-Mississippi	0	0	0
Itawamba-Mississippi	3	0	0
Jackson-Mississippi	24	0	0
Jasper-Mississippi	0	0	0
Jefferson-Mississippi	1	0	0
Jefferson Davis-Mississippi	0	0	0
Jones-Mississippi	1	0	0
Kemper-Mississippi	1	0	0
Lafayette-Mississippi	11	0	0
Lamar-Mississippi	4	0	0
Lauderdale-Mississippi	10	0	0
Lawrence-Mississippi	5	0	0
Leake-Mississippi	4	0	0
Lee-Mississippi	15	0	0
Leflore-Mississippi	13	0	0
Lincoln-Mississippi	6	0	0
Lowndes-Mississippi	9	0	0
Madison-Mississippi	25	0	0
Marion-Mississippi	1	0	0
Marshall-Mississippi	9	0	0
Monroe-Mississippi	3	0	0
Montgomery-Mississippi	4	0	0
Neshoba-Mississippi	1	0	0
Newton-Mississippi	1	0	0
Noxubee-Mississippi	1	0	0
Oktibbeha-Mississippi	12	0	0
Panola-Mississippi	4	0	0
Pearl River-Mississippi	18	0	0
Perry-Mississippi	2	0	0
Pike-Mississippi	12	0	0
Pontotoc-Mississippi	4	0	0
Prentiss-Mississippi	1	0	0
Quitman-Mississippi	3	0	0
Rankin-Mississippi	29	1	0
Scott-Mississippi	6	0	0
Sharkey-Mississippi	1	0	0
Simpson-Mississippi	1	0	0
Smith-Mississippi	1	0	0
Stone-Mississippi	0	0	0
Sunflower-Mississippi	5	0	0
Tallahatchie-Mississippi	2	0	0
Tate-Mississippi	8	0	0
Tippah-Mississippi	15	1	0
Tishomingo-Mississippi	0	0	0
Tunica-Mississippi	6	1	0
Union-Mississippi	3	0	0
Walthall-Mississippi	4	0	0
Warren-Mississippi	0	0	0
Washington-Mississippi	11	0	0
Wayne-Mississippi	0	0	0
Webster-Mississippi	3	1	0
Wilkinson-Mississippi	9	1	0
Winston-Mississippi	3	0	0
Yalobusha-Mississippi	3	0	0
Yazoo-Mississippi	4	0	0
Adair-Missouri	1	0	0
Andrew-Missouri	0	0	0
Atchison-Missouri	1	0	0
Audrain-Missouri	0	0	0
Barry-Missouri	0	0	0
Barton-Missouri	0	0	0
Bates-Missouri	1	0	0
Benton-Missouri	1	0	0
Bollinger-Missouri	1	0	0
Boone-Missouri	37	1	0
Buchanan-Missouri	2	0	0
Butler-Missouri	0	0	0
Caldwell-Missouri	0	0	0
Callaway-Missouri	3	0	0
Camden-Missouri	1	0	0
Cape Girardeau-Missouri	5	0	0
Carroll-Missouri	0	0	0
Carter-Missouri	1	0	0
Cass-Missouri	8	0	0
Cedar-Missouri	0	0	0
Chariton-Missouri	1	0	0
Christian-Missouri	3	0	0
Clark-Missouri	0	0	0
Clay-Missouri	9	0	0
Clinton-Missouri	1	0	0
Cole-Missouri	10	0	0
Cooper-Missouri	1	0	0
Crawford-Missouri	0	0	0
Dade-Missouri	0	0	0
Dallas-Missouri	0	0	0
Daviess-Missouri	0	0	0
De Kalb-Missouri	0	0	0
Dent-Missouri	0	0	0
Douglas-Missouri	0	0	0
Dunklin-Missouri	3	0	0
Franklin-Missouri	4	0	0
Gasconade-Missouri	0	0	0
Gentry-Missouri	0	0	0
Greene-Missouri	31	3	0
Grundy-Missouri	0	0	0
Harrison-Missouri	0	0	0
Henry-Missouri	1	0	0
Hickory-Missouri	0	0	0
Holt-Missouri	0	0	0
Howard-Missouri	0	0	0
Howell-Missouri	0	0	0
Iron-Missouri	0	0	0
Jackson-Missouri	41	1	0
Jasper-Missouri	2	0	0
Jefferson-Missouri	15	0	0
Johnson-Missouri	8	0	0
Knox-Missouri	0	0	0
Laclede-Missouri	0	0	0
Lafayette-Missouri	4	0	0
Lawrence-Missouri	0	0	0
Lewis-Missouri	0	0	0
Lincoln-Missouri	2	0	0
Linn-Missouri	0	0	0
Livingston-Missouri	0	0	0
McDonald-Missouri	1	0	0
Macon-Missouri	0	0	0
Madison-Missouri	0	0	0
Maries-Missouri	0	0	0
Marion-Missouri	0	0	0
Mercer-Missouri	0	0	0
Miller-Missouri	0	0	0
Mississippi-Missouri	0	0	0
Moniteau-Missouri	2	0	0
Monroe-Missouri	0	0	0
Montgomery-Missouri	3	0	0
Morgan-Missouri	0	0	0
New Madrid-Missouri	0	0	0
Newton-Missouri	3	0	0
Nodaway-Missouri	0	0	0
Oregon-Missouri	0	0	0
Osage-Missouri	0	0	0
Ozark-Missouri	0	0	0
Pemiscot-Missouri	1	0	0
Perry-Missouri	6	0	0
Pettis-Missouri	1	0	0
Phelps-Missouri	0	0	0
Pike-Missouri	0	0	0
Platte-Missouri	5	0	0
Polk-Missouri	0	0	0
Pulaski-Missouri	4	0	0
Putnam-Missouri	0	0	0
Ralls-Missouri	1	0	0
Randolph-Missouri	1	0	0
Ray-Missouri	1	0	0
Reynolds-Missouri	0	0	0
Ripley-Missouri	0	0	0
St Charles-Missouri	0	0	0
St Clair-Missouri	0	0	0
Ste. Genevieve-Missouri	0	0	0
St Francois-Missouri	0	0	0
St Louis-Missouri	0	0	0
Saline-Missouri	0	0	0
Schuyler-Missouri	0	0	0
Scotland-Missouri	0	0	0
Scott-Missouri	1	0	0
Shannon-Missouri	0	0	0
Shelby-Missouri	1	0	0
Stoddard-Missouri	1	0	0
Stone-Missouri	0	0	0
Sullivan-Missouri	0	0	0
Taney-Missouri	1	0	0
Texas-Missouri	1	0	0
Vernon-Missouri	0	0	0
Warren-Missouri	0	0	0
Washington-Missouri	0	0	0
Wayne-Missouri	0	0	0
Webster-Missouri	0	0	0
Worth-Missouri	0	0	0
Wright-Missouri	1	0	0
St Louis City-Missouri	0	0	0
Beaverhead-Montana	0	0	0
Big Horn-Montana	0	0	0
Blaine-Montana	0	0	0
Broadwater-Montana	2	0	0
Carbon-Montana	0	0	0
Carter-Montana	0	0	0
Cascade-Montana	6	0	0
Chouteau-Montana	0	0	0
Custer-Montana	0	0	0
Daniels-Montana	0	0	0
Dawson-Montana	0	0	0
Deer Lodge-Montana	0	0	0
Fallon-Montana	0	0	0
Fergus-Montana	0	0	0
Flathead-Montana	6	0	0
Gallatin-Montana	39	0	0
Garfield-Montana	0	0	0
Glacier-Montana	0	0	0
Golden Valley-Montana	0	0	0
Granite-Montana	0	0	0
Hill-Montana	1	0	0
Jefferson-Montana	1	0	0
Judith Basin-Montana	0	0	0
Lake-Montana	1	0	0
Lewis and Clark-Montana	8	0	0
Liberty-Montana	0	0	0
Lincoln-Montana	1	0	0
McCone-Montana	0	0	0
Madison-Montana	2	0	0
Meagher-Montana	1	0	0
Mineral-Montana	0	0	0
Missoula-Montana	8	0	0
Musselshell-Montana	0	0	0
Park-Montana	1	0	0
Petroleum-Montana	0	0	0
Phillips-Montana	0	0	0
Pondera-Montana	0	0	0
Powder River-Montana	0	0	0
Powell-Montana	0	0	0
Prairie-Montana	0	0	0
Ravalli-Montana	1	0	0
Richland-Montana	0	0	0
Roosevelt-Montana	1	0	0
Rosebud-Montana	0	0	0
Sanders-Montana	0	0	0
Sheridan-Montana	0	0	0
Silver Bow-Montana	8	0	0
Stillwater-Montana	0	0	0
Sweet Grass-Montana	0	0	0
Teton-Montana	0	0	0
Toole-Montana	2	0	0
Treasure-Montana	0	0	0
Valley-Montana	0	0	0
Wheatland-Montana	0	0	0
Wibaux-Montana	0	0	0
Yellowstone-Montana	20	0	0
Yellowstone Nat Park-Montana	0	0	0
Adams-Nebraska	1	0	0
Antelope-Nebraska	0	0	0
Arthur-Nebraska	0	0	0
Banner-Nebraska	0	0	0
Blaine-Nebraska	0	0	0
Boone-Nebraska	0	0	0
Box Butte-Nebraska	0	0	0
Boyd-Nebraska	0	0	0
Brown-Nebraska	0	0	0
Buffalo-Nebraska	4	0	0
Burt-Nebraska	0	0	0
Butler-Nebraska	0	0	0
Cass-Nebraska	2	0	0
Cedar-Nebraska	0	0	0
Chase-Nebraska	0	0	0
Cherry-Nebraska	0	0	0
Cheyenne-Nebraska	0	0	0
Clay-Nebraska	0	0	0
Colfax-Nebraska	0	0	0
Cuming-Nebraska	0	0	0
Custer-Nebraska	0	0	0
Dakota-Nebraska	0	0	0
Dawes-Nebraska	0	0	0
Dawson-Nebraska	0	0	0
Deuel-Nebraska	0	0	0
Dixon-Nebraska	0	0	0
Dodge-Nebraska	0	0	0
Douglas-Nebraska	44	0	0
Dundy-Nebraska	0	0	0
Fillmore-Nebraska	0	0	0
Franklin-Nebraska	0	0	0
Frontier-Nebraska	0	0	0
Furnas-Nebraska	0	0	0
Gage-Nebraska	1	0	0
Garden-Nebraska	0	0	0
Garfield-Nebraska	0	0	0
Gosper-Nebraska	0	0	0
Grant-Nebraska	0	0	0
Greeley-Nebraska	0	0	0
Hall-Nebraska	0	0	0
Hamilton-Nebraska	0	0	0
Harlan-Nebraska	0	0	0
Hayes-Nebraska	0	0	0
Hitchcock-Nebraska	0	0	0
Holt-Nebraska	0	0	0
Hooker-Nebraska	0	0	0
Howard-Nebraska	0	0	0
Jefferson-Nebraska	0	0	0
Johnson-Nebraska	0	0	0
Kearney-Nebraska	1	0	0
Keith-Nebraska	0	0	0
Keya Paha-Nebraska	0	0	0
Kimball-Nebraska	0	0	0
Knox-Nebraska	2	0	0
Lancaster-Nebraska	3	0	0
Lincoln-Nebraska	3	0	0
Logan-Nebraska	0	0	0
Loup-Nebraska	0	0	0
McPherson-Nebraska	0	0	0
Madison-Nebraska	1	0	0
Merrick-Nebraska	0	0	0
Morrill-Nebraska	0	0	0
Nance-Nebraska	0	0	0
Nemaha-Nebraska	1	0	0
Nuckolls-Nebraska	0	0	0
Otoe-Nebraska	0	0	0
Pawnee-Nebraska	0	0	0
Perkins-Nebraska	0	0	0
Phelps-Nebraska	0	0	0
Pierce-Nebraska	0	0	0
Platte-Nebraska	0	0	0
Polk-Nebraska	0	0	0
Red Willow-Nebraska	0	0	0
Richardson-Nebraska	0	0	0
Rock-Nebraska	0	0	0
Saline-Nebraska	0	0	0
Sarpy-Nebraska	10	0	0
Saunders-Nebraska	2	0	0
Scotts Bluff-Nebraska	0	0	0
Seward-Nebraska	0	0	0
Sheridan-Nebraska	0	0	0
Sherman-Nebraska	0	0	0
Sioux-Nebraska	0	0	0
Stanton-Nebraska	0	0	0
Thayer-Nebraska	0	0	0
Thomas-Nebraska	0	0	0
Thurston-Nebraska	0	0	0
Valley-Nebraska	0	0	0
Washington-Nebraska	5	0	0
Wayne-Nebraska	0	0	0
Webster-Nebraska	0	0	0
Wheeler-Nebraska	0	0	0
York-Nebraska	0	0	0
Churchill-Nevada	0	0	0
Clark-Nevada	443	10	0
Douglas-Nevada	3	0	0
Elko-Nevada	2	0	0
Esmeralda-Nevada	0	0	0
Eureka-Nevada	0	0	0
Humboldt-Nevada	1	0	0
Lander-Nevada	0	0	0
Lincoln-Nevada	0	0	0
Lyon-Nevada	1	0	0
Mineral-Nevada	0	0	0
Nye-Nevada	1	0	0
Pershing-Nevada	0	0	0
Storey-Nevada	0	0	0
Washoe-Nevada	67	0	0
White Pine-Nevada	0	0	0
Carson City-Nevada	2	0	0
Belknap-New Hampshire	8	0	0
Carroll-New Hampshire	7	0	0
Cheshire-New Hampshire	2	0	0
Coos-New Hampshire	0	0	0
Grafton-New Hampshire	23	0	0
Hillsborough-New Hampshire	31	1	0
Merrimack-New Hampshire	7	0	0
Rockingham-New Hampshire	67	0	0
Strafford-New Hampshire	7	0	0
Sullivan-New Hampshire	2	0	0
Atlantic-New Jersey	14	0	0
Bergen-New Jersey	1505	6	0
Burlington-New Jersey	88	0	0
Camden-New Jersey	95	1	0
Cape May-New Jersey	7	0	0
Cumberland-New Jersey	9	0	0
Essex-New Jersey	826	4	0
Gloucester-New Jersey	40	0	0
Hudson-New Jersey	594	2	0
Hunterdon-New Jersey	52	0	0
Mercer-New Jersey	131	0	0
Middlesex-New Jersey	640	0	0
Monmouth-New Jersey	634	3	0
Morris-New Jersey	391	1	0
Ocean-New Jersey	484	1	0
Passaic-New Jersey	484	7	0
Salem-New Jersey	3	0	0
Somerset-New Jersey	222	1	0
Sussex-New Jersey	65	0	0
Union-New Jersey	519	0	0
Warren-New Jersey	38	0	0
Bernalillo-New Mexico	55	0	0
Catron-New Mexico	0	0	0
Chaves-New Mexico	4	0	0
Cibola-New Mexico	1	0	0
Colfax-New Mexico	0	0	0
Curry-New Mexico	1	0	0
De Baca-New Mexico	0	0	0
Dona Ana-New Mexico	16	0	0
Eddy-New Mexico	1	1	0
Grant-New Mexico	0	0	0
Guadalupe-New Mexico	0	0	0
Harding-New Mexico	0	0	0
Hidalgo-New Mexico	0	0	0
Lea-New Mexico	1	0	0
Lincoln-New Mexico	0	0	0
Los Alamos-New Mexico	0	0	0
Luna-New Mexico	0	0	0
McKinley-New Mexico	3	0	0
Mora-New Mexico	0	0	0
Otero-New Mexico	0	0	0
Quay-New Mexico	0	0	0
Rio Arriba-New Mexico	2	0	0
Roosevelt-New Mexico	0	0	0
Sandoval-New Mexico	10	0	0
San Juan-New Mexico	14	0	0
San Miguel-New Mexico	1	0	0
Santa Fe-New Mexico	22	0	0
Sierra-New Mexico	0	0	0
Socorro-New Mexico	2	0	0
Taos-New Mexico	3	0	0
Torrance-New Mexico	0	0	0
Union-New Mexico	0	0	0
Valencia-New Mexico	0	0	0
Albany-New York	187	0	0
Allegany-New York	2	0	0
Bronx-New York	0	0	0
Broome-New York	18	2	0
Cattaraugus-New York	0	0	0
Cayuga-New York	2	0	0
Chautauqua-New York	2	0	0
Chemung-New York	11	0	0
Chenango-New York	4	0	0
Clinton-New York	11	0	0
Columbia-New York	27	0	0
Cortland-New York	4	0	0
Delaware-New York	8	0	0
Dutchess-New York	225	1	0
Erie-New York	245	5	0
Essex-New York	5	0	0
Franklin-New York	2	0	0
Fulton-New York	1	0	0
Genesee-New York	6	0	0
Greene-New York	6	0	0
Hamilton-New York	2	0	0
Herkimer-New York	9	0	0
Jefferson-New York	4	0	0
Kings-New York	0	0	0
Lewis-New York	0	0	0
Livingston-New York	3	0	0
Madison-New York	17	1	0
Monroe-New York	166	4	0
Montgomery-New York	5	0	0
Nassau-New York	4657	19	0
New York-New York	0	0	0
Niagara-New York	23	0	0
Oneida-New York	13	0	0
Onondaga-New York	123	1	0
Ontario-New York	14	0	0
Orange-New York	910	1	0
Orleans-New York	3	0	0
Oswego-New York	4	0	0
Otsego-New York	5	0	0
Putnam-New York	111	0	0
Queens-New York	0	0	0
Rensselaer-New York	44	0	0
Richmond-New York	0	0	0
Rockland-New York	1457	7	0
St Lawrence-New York	0	0	0
Saratoga-New York	82	0	0
Schenectady-New York	66	1	0
Schoharie-New York	3	0	0
Schuyler-New York	0	0	0
Seneca-New York	0	0	0
Steuben-New York	12	0	0
Suffolk-New York	3385	30	0
Sullivan-New York	64	0	0
Tioga-New York	2	0	0
Tompkins-New York	32	0	0
Ulster-New York	98	0	0
Warren-New York	8	0	0
Washington-New York	6	0	0
Wayne-New York	11	0	0
Westchester-New York	7187	1	0
Wyoming-New York	7	1	0
Yates-New York	0	0	0
Alamance-North Carolina	5	0	0
Alexander-North Carolina	0	0	0
Alleghany-North Carolina	0	0	0
Anson-North Carolina	0	0	0
Ashe-North Carolina	0	0	0
Avery-North Carolina	0	0	0
Beaufort-North Carolina	3	0	0
Bertie-North Carolina	3	0	0
Bladen-North Carolina	0	0	0
Brunswick-North Carolina	11	0	0
Buncombe-North Carolina	15	0	0
Burke-North Carolina	3	0	0
Cabarrus-North Carolina	22	2	0
Caldwell-North Carolina	3	0	0
Camden-North Carolina	0	0	0
Carteret-North Carolina	5	0	0
Caswell-North Carolina	0	0	0
Catawba-North Carolina	10	0	0
Chatham-North Carolina	11	0	0
Cherokee-North Carolina	4	0	0
Chowan-North Carolina	0	0	0
Clay-North Carolina	0	0	0
Cleveland-North Carolina	2	0	0
Columbus-North Carolina	0	0	0
Craven-North Carolina	4	0	0
Cumberland-North Carolina	8	0	0
Currituck-North Carolina	0	0	0
Dare-North Carolina	2	0	0
Davidson-North Carolina	12	0	0
Davie-North Carolina	2	0	0
Duplin-North Carolina	1	0	0
Durham-North Carolina	93	0	0
Edgecombe-North Carolina	0	0	0
Forsyth-North Carolina	24	0	0
Franklin-North Carolina	5	0	0
Gaston-North Carolina	17	0	0
Gates-North Carolina	0	0	0
Graham-North Carolina	0	0	0
Granville-North Carolina	3	0	0
Greene-North Carolina	0	0	0
Guilford-North Carolina	31	0	0
Halifax-North Carolina	1	0	0
Harnett-North Carolina	11	1	0
Haywood-North Carolina	0	0	0
Henderson-North Carolina	7	0	0
Hertford-North Carolina	3	0	0
Hoke-North Carolina	2	0	0
Hyde-North Carolina	1	0	0
Iredell-North Carolina	15	0	0
Jackson-North Carolina	1	0	0
Johnston-North Carolina	9	1	0
Jones-North Carolina	0	0	0
Lee-North Carolina	2	0	0
Lenoir-North Carolina	3	0	0
Lincoln-North Carolina	1	0	0
McDowell-North Carolina	2	0	0
Macon-North Carolina	0	0	0
Madison-North Carolina	0	0	0
Martin-North Carolina	0	0	0
Mecklenburg-North Carolina	259	0	0
Mitchell-North Carolina	1	0	0
Montgomery-North Carolina	3	0	0
Moore-North Carolina	3	0	0
Nash-North Carolina	4	0	0
New Hanover-North Carolina	15	0	0
Northampton-North Carolina	3	0	0
Onslow-North Carolina	4	0	0
Orange-North Carolina	24	0	0
Pamlico-North Carolina	0	0	0
Pasquotank-North Carolina	1	0	0
Pender-North Carolina	0	0	0
Perquimans-North Carolina	0	0	0
Person-North Carolina	1	0	0
Pitt-North Carolina	8	0	0
Polk-North Carolina	1	0	0
Randolph-North Carolina	8	0	0
Richmond-North Carolina	0	0	0
Robeson-North Carolina	2	0	0
Rockingham-North Carolina	0	0	0
Rowan-North Carolina	12	0	0
Rutherford-North Carolina	0	0	0
Sampson-North Carolina	1	0	0
Scotland-North Carolina	1	0	0
Stanly-North Carolina	0	0	0
Stokes-North Carolina	0	0	0
Surry-North Carolina	1	0	0
Swain-North Carolina	1	0	0
Transylvania-North Carolina	3	0	0
Tyrrell-North Carolina	0	0	0
Union-North Carolina	34	0	0
Vance-North Carolina	2	0	0
Wake-North Carolina	123	0	0
Warren-North Carolina	0	0	0
Washington-North Carolina	0	0	0
Watauga-North Carolina	5	0	0
Wayne-North Carolina	3	0	0
Wilkes-North Carolina	0	0	0
Wilson-North Carolina	7	0	0
Yadkin-North Carolina	0	0	0
Yancey-North Carolina	0	0	0
Adams-North Dakota	0	0	0
Barnes-North Dakota	0	0	0
Benson-North Dakota	0	0	0
Billings-North Dakota	0	0	0
Bottineau-North Dakota	0	0	0
Bowman-North Dakota	0	0	0
Burke-North Dakota	0	0	0
Burleigh-North Dakota	25	0	0
Cass-North Dakota	11	1	0
Cavalier-North Dakota	0	0	0
Dickey-North Dakota	0	0	0
Divide-North Dakota	0	0	0
Dunn-North Dakota	1	0	0
Eddy-North Dakota	0	0	0
Emmons-North Dakota	0	0	0
Foster-North Dakota	1	0	0
Golden Valley-North Dakota	0	0	0
Grand Forks-North Dakota	0	0	0
Grant-North Dakota	0	0	0
Griggs-North Dakota	0	0	0
Hettinger-North Dakota	0	0	0
Kidder-North Dakota	0	0	0
La Moure-North Dakota	0	0	0
Logan-North Dakota	0	0	0
McHenry-North Dakota	1	0	0
McIntosh-North Dakota	1	0	0
McKenzie-North Dakota	0	0	0
McLean-North Dakota	0	0	0
Mercer-North Dakota	0	0	0
Morton-North Dakota	11	0	0
Mountrail-North Dakota	0	0	0
Nelson-North Dakota	0	0	0
Oliver-North Dakota	0	0	0
Pembina-North Dakota	0	0	0
Pierce-North Dakota	2	0	0
Ramsey-North Dakota	3	0	0
Ransom-North Dakota	0	0	0
Renville-North Dakota	0	0	0
Richland-North Dakota	0	0	0
Rolette-North Dakota	0	0	0
Sargent-North Dakota	0	0	0
Sheridan-North Dakota	0	0	0
Sioux-North Dakota	0	0	0
Slope-North Dakota	0	0	0
Stark-North Dakota	7	0	0
Steele-North Dakota	0	0	0
Stutsman-North Dakota	0	0	0
Towner-North Dakota	0	0	0
Traill-North Dakota	0	0	0
Walsh-North Dakota	1	0	0
Ward-North Dakota	4	0	0
Wells-North Dakota	0	0	0
Williams-North Dakota	0	0	0
Adams-Ohio	0	0	0
Allen-Ohio	0	0	0
Ashland-Ohio	3	0	0
Ashtabula-Ohio	5	0	0
Athens-Ohio	1	0	0
Auglaize-Ohio	0	0	0
Belmont-Ohio	6	0	0
Brown-Ohio	0	0	0
Butler-Ohio	23	0	0
Carroll-Ohio	3	0	0
Champaign-Ohio	2	0	0
Clark-Ohio	2	0	0
Clermont-Ohio	6	0	0
Clinton-Ohio	2	0	0
Columbiana-Ohio	7	1	0
Coshocton-Ohio	4	0	0
Crawford-Ohio	1	0	0
Cuyahoga-Ohio	330	2	0
Darke-Ohio	1	0	0
Defiance-Ohio	5	0	0
Delaware-Ohio	20	0	0
Erie-Ohio	3	1	0
Fairfield-Ohio	8	0	0
Fayette-Ohio	1	0	0
Franklin-Ohio	152	2	0
Fulton-Ohio	2	0	0
Gallia-Ohio	1	1	0
Geauga-Ohio	10	0	0
Greene-Ohio	3	0	0
Guernsey-Ohio	0	0	0
Hamilton-Ohio	63	0	0
Hancock-Ohio	2	0	0
Hardin-Ohio	0	0	0
Harrison-Ohio	0	0	0
Henry-Ohio	0	0	0
Highland-Ohio	1	0	0
Hocking-Ohio	0	0	0
Holmes-Ohio	0	0	0
Huron-Ohio	3	0	0
Jackson-Ohio	0	0	0
Jefferson-Ohio	1	0	0
Knox-Ohio	2	0	0
Lake-Ohio	27	0	0
Lawrence-Ohio	1	0	0
Licking-Ohio	10	0	0
Logan-Ohio	2	0	0
Lorain-Ohio	56	0	0
Lucas-Ohio	48	2	0
Madison-Ohio	3	0	0
Mahoning-Ohio	68	2	0
Marion-Ohio	5	0	0
Medina-Ohio	32	0	0
Meigs-Ohio	0	0	0
Mercer-Ohio	2	0	0
Miami-Ohio	32	4	0
Monroe-Ohio	0	0	0
Montgomery-Ohio	19	0	0
Morgan-Ohio	0	0	0
Morrow-Ohio	0	0	0
Muskingum-Ohio	2	0	0
Noble-Ohio	0	0	0
Ottawa-Ohio	0	0	0
Paulding-Ohio	0	0	0
Perry-Ohio	0	0	0
Pickaway-Ohio	2	0	0
Pike-Ohio	0	0	0
Portage-Ohio	13	0	0
Preble-Ohio	0	0	0
Putnam-Ohio	0	0	0
Richland-Ohio	4	0	0
Ross-Ohio	0	0	0
Sandusky-Ohio	1	0	0
Scioto-Ohio	0	0	0
Seneca-Ohio	1	0	0
Shelby-Ohio	1	0	0
Stark-Ohio	22	2	0
Summit-Ohio	65	1	0
Trumbull-Ohio	17	1	0
Tuscarawas-Ohio	3	0	0
Union-Ohio	3	0	0
Van Wert-Ohio	0	0	0
Vinton-Ohio	0	0	0
Warren-Ohio	11	0	0
Washington-Ohio	2	0	0
Wayne-Ohio	3	0	0
Williams-Ohio	0	0	0
Wood-Ohio	8	0	0
Wyandot-Ohio	1	0	0
Adair-Oklahoma	3	0	0
Alfalfa-Oklahoma	0	0	0
Atoka-Oklahoma	0	0	0
Beaver-Oklahoma	0	0	0
Beckham-Oklahoma	0	0	0
Blaine-Oklahoma	0	0	0
Bryan-Oklahoma	1	0	0
Caddo-Oklahoma	1	0	0
Canadian-Oklahoma	11	0	0
Carter-Oklahoma	1	0	0
Cherokee-Oklahoma	1	0	0
Choctaw-Oklahoma	1	0	0
Cimarron-Oklahoma	0	0	0
Cleveland-Oklahoma	39	3	0
Coal-Oklahoma	0	0	0
Comanche-Oklahoma	6	0	0
Cotton-Oklahoma	0	0	0
Craig-Oklahoma	1	0	0
Creek-Oklahoma	14	1	0
Custer-Oklahoma	3	0	0
Delaware-Oklahoma	2	0	0
Dewey-Oklahoma	0	0	0
Ellis-Oklahoma	0	0	0
Garfield-Oklahoma	0	0	0
Garvin-Oklahoma	2	0	0
Grady-Oklahoma	2	0	0
Grant-Oklahoma	0	0	0
Greer-Oklahoma	0	0	0
Harmon-Oklahoma	0	0	0
Harper-Oklahoma	0	0	0
Haskell-Oklahoma	0	0	0
Hughes-Oklahoma	0	0	0
Jackson-Oklahoma	1	0	0
Jefferson-Oklahoma	0	0	0
Johnston-Oklahoma	0	0	0
Kay-Oklahoma	17	0	0
Kingfisher-Oklahoma	0	0	0
Kiowa-Oklahoma	0	0	0
Latimer-Oklahoma	1	0	0
Le Flore-Oklahoma	0	0	0
Lincoln-Oklahoma	3	0	0
Logan-Oklahoma	3	0	0
Love-Oklahoma	0	0	0
McClain-Oklahoma	2	0	0
McCurtain-Oklahoma	0	0	0
McIntosh-Oklahoma	0	0	0
Major-Oklahoma	0	0	0
Marshall-Oklahoma	0	0	0
Mayes-Oklahoma	2	0	0
Murray-Oklahoma	0	0	0
Muskogee-Oklahoma	5	0	0
Noble-Oklahoma	3	0	0
Nowata-Oklahoma	0	0	0
Okfuskee-Oklahoma	0	0	0
Oklahoma-Oklahoma	94	2	0
Okmulgee-Oklahoma	2	0	0
Osage-Oklahoma	5	0	0
Ottawa-Oklahoma	1	0	0
Pawnee-Oklahoma	14	1	0
Payne-Oklahoma	7	0	0
Pittsburg-Oklahoma	2	0	0
Pontotoc-Oklahoma	2	0	0
Pottawatomie-Oklahoma	2	0	0
Pushmataha-Oklahoma	0	0	0
Roger Mills-Oklahoma	0	0	0
Rogers-Oklahoma	0	0	0
Seminole-Oklahoma	0	0	0
Sequoyah-Oklahoma	1	0	0
Stephens-Oklahoma	1	0	0
Texas-Oklahoma	0	0	0
Tillman-Oklahoma	0	0	0
Tulsa-Oklahoma	49	1	0
Wagoner-Oklahoma	8	0	0
Washington-Oklahoma	9	0	0
Washita-Oklahoma	0	0	0
Woods-Oklahoma	0	0	0
Woodward-Oklahoma	0	0	0
Baker-Oregon	0	0	0
Benton-Oregon	6	0	0
Clackamas-Oregon	31	2	0
Clatsop-Oregon	2	0	0
Columbia-Oregon	1	0	0
Coos-Oregon	0	0	0
Crook-Oregon	0	0	0
Curry-Oregon	0	0	0
Deschutes-Oregon	18	0	0
Douglas-Oregon	4	0	0
Gilliam-Oregon	0	0	0
Grant-Oregon	1	0	0
Harney-Oregon	0	0	0
Hood River-Oregon	1	0	0
Jackson-Oregon	6	0	0
Jefferson-Oregon	0	0	0
Josephine-Oregon	4	0	0
Klamath-Oregon	2	0	0
Lake-Oregon	0	0	0
Lane-Oregon	10	1	0
Lincoln-Oregon	1	0	0
Linn-Oregon	28	1	0
Malheur-Oregon	0	0	0
Marion-Oregon	83	3	0
Morrow-Oregon	1	0	0
Multnomah-Oregon	67	2	0
Polk-Oregon	10	0	0
Sherman-Oregon	0	0	0
Tillamook-Oregon	1	0	0
Umatilla-Oregon	3	0	0
Union-Oregon	1	0	0
Wallowa-Oregon	0	0	0
Wasco-Oregon	2	0	0
Washington-Oregon	122	3	0
Wheeler-Oregon	0	0	0
Yamhill-Oregon	11	0	0
Adams-Pennsylvania	8	0	0
Allegheny-Pennsylvania	158	2	0
Armstrong-Pennsylvania	1	0	0
Beaver-Pennsylvania	14	0	0
Bedford-Pennsylvania	0	0	0
Berks-Pennsylvania	65	0	0
Blair-Pennsylvania	1	0	0
Bradford-Pennsylvania	2	0	0
Bucks-Pennsylvania	144	0	0
Butler-Pennsylvania	26	1	0
Cambria-Pennsylvania	1	0	0
Cameron-Pennsylvania	0	0	0
Carbon-Pennsylvania	2	0	0
Centre-Pennsylvania	11	0	0
Chester-Pennsylvania	107	0	0
Clarion-Pennsylvania	0	0	0
Clearfield-Pennsylvania	2	0	0
Clinton-Pennsylvania	0	0	0
Columbia-Pennsylvania	3	0	0
Crawford-Pennsylvania	1	0	0
Cumberland-Pennsylvania	16	0	0
Dauphin-Pennsylvania	18	0	0
Delaware-Pennsylvania	185	3	0
Elk-Pennsylvania	0	0	0
Erie-Pennsylvania	7	0	0
Fayette-Pennsylvania	9	0	0
Forest-Pennsylvania	0	0	0
Franklin-Pennsylvania	5	0	0
Fulton-Pennsylvania	0	0	0
Greene-Pennsylvania	4	0	0
Huntingdon-Pennsylvania	0	0	0
Indiana-Pennsylvania	2	0	0
Jefferson-Pennsylvania	0	0	0
Juniata-Pennsylvania	1	0	0
Lackawanna-Pennsylvania	35	2	0
Lancaster-Pennsylvania	33	0	0
Lawrence-Pennsylvania	4	0	0
Lebanon-Pennsylvania	12	0	0
Lehigh-Pennsylvania	93	2	0
Luzerne-Pennsylvania	55	2	0
Lycoming-Pennsylvania	2	0	0
McKean-Pennsylvania	0	0	0
Mercer-Pennsylvania	4	0	0
Mifflin-Pennsylvania	0	0	0
Monroe-Pennsylvania	98	2	0
Montgomery-Pennsylvania	374	3	0
Montour-Pennsylvania	4	0	0
Northampton-Pennsylvania	79	3	0
Northumberland-Pennsylvania	0	0	0
Perry-Pennsylvania	0	0	0
Philadelphia-Pennsylvania	637	2	0
Pike-Pennsylvania	23	0	0
Potter-Pennsylvania	1	0	0
Schuylkill-Pennsylvania	13	0	0
Snyder-Pennsylvania	0	0	0
Somerset-Pennsylvania	2	0	0
Sullivan-Pennsylvania	0	0	0
Susquehanna-Pennsylvania	1	0	0
Tioga-Pennsylvania	0	0	0
Union-Pennsylvania	1	0	0
Venango-Pennsylvania	0	0	0
Warren-Pennsylvania	1	0	0
Washington-Pennsylvania	14	0	0
Wayne-Pennsylvania	6	0	0
Westmoreland-Pennsylvania	30	0	0
Wyoming-Pennsylvania	0	0	0
York-Pennsylvania	30	0	0
Bristol-Rhode Island	6	0	0
Kent-Rhode Island	9	0	0
Newport-Rhode Island	12	0	0
Providence-Rhode Island	91	0	0
Washington-Rhode Island	14	0	0
Abbeville-South Carolina	4	0	0
Aiken-South Carolina	6	0	0
Allendale-South Carolina	0	0	0
Anderson-South Carolina	21	0	0
Bamberg-South Carolina	0	0	0
Barnwell-South Carolina	0	0	0
Beaufort-South Carolina	35	0	0
Berkeley-South Carolina	10	0	0
Calhoun-South Carolina	1	0	0
Charleston-South Carolina	92	1	0
Cherokee-South Carolina	0	0	0
Chester-South Carolina	1	0	0
Chesterfield-South Carolina	4	0	0
Clarendon-South Carolina	6	1	0
Colleton-South Carolina	2	0	0
Darlington-South Carolina	8	0	0
Dillon-South Carolina	1	0	0
Dorchester-South Carolina	9	0	0
Edgefield-South Carolina	1	0	0
Fairfield-South Carolina	4	0	0
Florence-South Carolina	11	3	0
Georgetown-South Carolina	3	0	0
Greenville-South Carolina	51	1	0
Greenwood-South Carolina	2	0	0
Hampton-South Carolina	0	0	0
Horry-South Carolina	24	1	0
Jasper-South Carolina	3	0	0
Kershaw-South Carolina	70	2	0
Lancaster-South Carolina	8	0	0
Laurens-South Carolina	0	0	0
Lee-South Carolina	2	0	0
Lexington-South Carolina	25	1	0
McCormick-South Carolina	0	0	0
Marion-South Carolina	1	0	0
Marlboro-South Carolina	1	0	0
Newberry-South Carolina	1	0	0
Oconee-South Carolina	3	0	0
Orangeburg-South Carolina	12	0	0
Pickens-South Carolina	7	0	0
Richland-South Carolina	65	1	0
Saluda-South Carolina	1	0	0
Spartanburg-South Carolina	16	0	0
Sumter-South Carolina	10	2	0
Union-South Carolina	1	0	0
Williamsburg-South Carolina	1	0	0
York-South Carolina	19	0	0
Aurora-South Dakota	1	0	0
Beadle-South Dakota	16	0	0
Bennett-South Dakota	0	0	0
Bon Homme-South Dakota	1	0	0
Brookings-South Dakota	1	0	0
Brown-South Dakota	2	0	0
Brule-South Dakota	0	0	0
Buffalo-South Dakota	0	0	0
Butte-South Dakota	0	0	0
Campbell-South Dakota	0	0	0
Charles Mix-South Dakota	1	0	0
Clark-South Dakota	0	0	0
Clay-South Dakota	0	0	0
Codington-South Dakota	1	0	0
Corson-South Dakota	0	0	0
Custer-South Dakota	0	0	0
Davison-South Dakota	2	0	0
Day-South Dakota	0	0	0
Deuel-South Dakota	0	0	0
Dewey-South Dakota	0	0	0
Douglas-South Dakota	0	0	0
Edmunds-South Dakota	0	0	0
Fall River-South Dakota	0	0	0
Faulk-South Dakota	1	0	0
Grant-South Dakota	0	0	0
Gregory-South Dakota	0	0	0
Haakon-South Dakota	0	0	0
Hamlin-South Dakota	0	0	0
Hand-South Dakota	0	0	0
Hanson-South Dakota	0	0	0
Harding-South Dakota	0	0	0
Hughes-South Dakota	1	0	0
Hutchinson-South Dakota	0	0	0
Hyde-South Dakota	0	0	0
Jackson-South Dakota	0	0	0
Jerauld-South Dakota	0	0	0
Jones-South Dakota	0	0	0
Kingsbury-South Dakota	0	0	0
Lake-South Dakota	0	0	0
Lawrence-South Dakota	2	0	0
Lincoln-South Dakota	2	0	0
Lyman-South Dakota	1	0	0
McCook-South Dakota	2	0	0
McPherson-South Dakota	0	0	0
Marshall-South Dakota	0	0	0
Meade-South Dakota	1	0	0
Mellette-South Dakota	0	0	0
Miner-South Dakota	0	0	0
Minnehaha-South Dakota	18	0	0
Moody-South Dakota	0	0	0
Pennington-South Dakota	3	1	0
Perkins-South Dakota	0	0	0
Potter-South Dakota	0	0	0
Roberts-South Dakota	0	0	0
Sanborn-South Dakota	0	0	0
Shannon-South Dakota	0	0	0
Spink-South Dakota	0	0	0
Stanley-South Dakota	0	0	0
Sully-South Dakota	0	0	0
Todd-South Dakota	1	0	0
Tripp-South Dakota	0	0	0
Turner-South Dakota	0	0	0
Union-South Dakota	1	0	0
Walworth-South Dakota	0	0	0
Yankton-South Dakota	0	0	0
Ziebach-South Dakota	0	0	0
Anderson-Tennessee	4	0	0
Bedford-Tennessee	1	0	0
Benton-Tennessee	2	0	0
Bledsoe-Tennessee	0	0	0
Blount-Tennessee	6	0	0
Bradley-Tennessee	6	0	0
Campbell-Tennessee	4	0	0
Cannon-Tennessee	2	0	0
Carroll-Tennessee	4	0	0
Carter-Tennessee	0	0	0
Cheatham-Tennessee	7	0	0
Chester-Tennessee	2	0	0
Claiborne-Tennessee	2	0	0
Clay-Tennessee	0	0	0
Cocke-Tennessee	1	0	0
Coffee-Tennessee	0	0	0
Crockett-Tennessee	0	0	0
Cumberland-Tennessee	6	0	0
Davidson-Tennessee	312	2	0
Decatur-Tennessee	0	0	0
De Kalb-Tennessee	0	0	0
Dickson-Tennessee	9	0	0
Dyer-Tennessee	3	0	0
Fayette-Tennessee	3	0	0
Fentress-Tennessee	0	0	0
Franklin-Tennessee	3	0	0
Gibson-Tennessee	2	0	0
Giles-Tennessee	0	0	0
Grainger-Tennessee	0	0	0
Greene-Tennessee	8	0	0
Grundy-Tennessee	1	0	0
Hamblen-Tennessee	2	0	0
Hamilton-Tennessee	30	1	0
Hancock-Tennessee	0	0	0
Hardeman-Tennessee	0	0	0
Hardin-Tennessee	1	0	0
Hawkins-Tennessee	2	0	0
Haywood-Tennessee	0	0	0
Henderson-Tennessee	0	0	0
Henry-Tennessee	0	0	0
Hickman-Tennessee	0	0	0
Houston-Tennessee	2	0	0
Humphreys-Tennessee	0	0	0
Jackson-Tennessee	0	0	0
Jefferson-Tennessee	5	0	0
Johnson-Tennessee	0	0	0
Knox-Tennessee	31	0	0
Lake-Tennessee	0	0	0
Lauderdale-Tennessee	0	0	0
Lawrence-Tennessee	0	0	0
Lewis-Tennessee	2	0	0
Lincoln-Tennessee	1	0	0
Loudon-Tennessee	6	0	0
McMinn-Tennessee	3	0	0
McNairy-Tennessee	0	0	0
Macon-Tennessee	1	0	0
Madison-Tennessee	3	0	0
Marion-Tennessee	2	0	0
Marshall-Tennessee	0	0	0
Maury-Tennessee	7	0	0
Meigs-Tennessee	1	0	0
Monroe-Tennessee	2	0	0
Montgomery-Tennessee	9	0	0
Moore-Tennessee	0	0	0
Morgan-Tennessee	0	0	0
Obion-Tennessee	0	0	0
Overton-Tennessee	1	0	0
Perry-Tennessee	2	0	0
Pickett-Tennessee	0	0	0
Polk-Tennessee	0	0	0
Putnam-Tennessee	13	0	0
Rhea-Tennessee	0	0	0
Roane-Tennessee	1	0	0
Robertson-Tennessee	22	0	0
Rutherford-Tennessee	39	0	0
Scott-Tennessee	2	0	0
Sequatchie-Tennessee	0	0	0
Sevier-Tennessee	6	0	0
Shelby-Tennessee	223	0	0
Smith-Tennessee	1	0	0
Stewart-Tennessee	0	0	0
Sullivan-Tennessee	6	0	0
Sumner-Tennessee	58	0	0
Tipton-Tennessee	10	0	0
Trousdale-Tennessee	0	0	0
Unicoi-Tennessee	1	0	0
Union-Tennessee	0	0	0
Van Buren-Tennessee	0	0	0
Warren-Tennessee	0	0	0
Washington-Tennessee	10	0	0
Wayne-Tennessee	0	0	0
Weakley-Tennessee	0	0	0
White-Tennessee	1	0	0
Williamson-Tennessee	91	0	0
Wilson-Tennessee	20	0	0
Anderson-Texas	0	0	0
Andrews-Texas	0	0	0
Angelina-Texas	2	0	0
Aransas-Texas	0	0	0
Archer-Texas	0	0	0
Armstrong-Texas	0	0	0
Atascosa-Texas	2	0	0
Austin-Texas	1	0	0
Bailey-Texas	0	0	0
Bandera-Texas	0	0	0
Bastrop-Texas	2	0	0
Baylor-Texas	0	0	0
Bee-Texas	0	0	0
Bell-Texas	25	1	0
Bexar-Texas	113	5	0
Blanco-Texas	1	0	0
Borden-Texas	0	0	0
Bosque-Texas	0	0	0
Bowie-Texas	2	0	0
Brazoria-Texas	39	0	0
Brazos-Texas	31	0	0
Brewster-Texas	0	0	0
Briscoe-Texas	0	0	0
Brooks-Texas	0	0	0
Brown-Texas	3	0	0
Burleson-Texas	0	0	0
Burnet-Texas	1	0	0
Caldwell-Texas	0	0	0
Calhoun-Texas	3	0	0
Callahan-Texas	0	0	0
Cameron-Texas	13	0	0
Camp-Texas	0	0	0
Carson-Texas	0	0	0
Cass-Texas	1	0	0
Castro-Texas	7	0	0
Chambers-Texas	2	0	0
Cherokee-Texas	1	0	0
Childress-Texas	0	0	0
Clay-Texas	0	0	0
Cochran-Texas	0	0	0
Coke-Texas	0	0	0
Coleman-Texas	0	0	0
Collin-Texas	87	1	0
Collingsworth-Texas	0	0	0
Colorado-Texas	0	0	0
Comal-Texas	9	1	0
Comanche-Texas	0	0	0
Concho-Texas	0	0	0
Cooke-Texas	0	0	0
Coryell-Texas	1	0	0
Cottle-Texas	0	0	0
Crane-Texas	1	0	0
Crockett-Texas	0	0	0
Crosby-Texas	0	0	0
Culberson-Texas	0	0	0
Dallam-Texas	0	0	0
Dallas-Texas	367	7	0
Dawson-Texas	1	0	0
Deaf Smith-Texas	2	0	0
Delta-Texas	0	0	0
Denton-Texas	137	1	0
De Witt-Texas	0	0	0
Dickens-Texas	0	0	0
Dimmit-Texas	0	0	0
Donley-Texas	0	0	0
Duval-Texas	0	0	0
Eastland-Texas	4	0	0
Ector-Texas	0	0	0
Edwards-Texas	0	0	0
Ellis-Texas	10	0	0
El Paso-Texas	28	0	0
Erath-Texas	1	0	0
Falls-Texas	1	0	0
Fannin-Texas	1	0	0
Fayette-Texas	1	0	0
Fisher-Texas	0	0	0
Floyd-Texas	0	0	0
Foard-Texas	0	0	0
Fort Bend-Texas	101	1	0
Franklin-Texas	0	0	0
Freestone-Texas	0	0	0
Frio-Texas	0	0	0
Gaines-Texas	1	0	0
Galveston-Texas	40	0	0
Garza-Texas	0	0	0
Gillespie-Texas	0	0	0
Glasscock-Texas	0	0	0
Goliad-Texas	0	0	0
Gonzales-Texas	0	0	0
Gray-Texas	0	0	0
Grayson-Texas	2	0	0
Gregg-Texas	4	0	0
Grimes-Texas	2	0	0
Guadalupe-Texas	8	0	0
Hale-Texas	1	0	0
Hall-Texas	0	0	0
Hamilton-Texas	0	0	0
Hansford-Texas	0	0	0
Hardeman-Texas	0	0	0
Hardin-Texas	4	0	0
Harris-Texas	229	2	0
Harrison-Texas	1	0	0
Hartley-Texas	0	0	0
Haskell-Texas	0	0	0
Hays-Texas	13	0	0
Hemphill-Texas	0	0	0
Henderson-Texas	0	0	0
Hidalgo-Texas	11	0	0
Hill-Texas	0	0	0
Hockley-Texas	7	0	0
Hood-Texas	2	0	0
Hopkins-Texas	1	0	0
Houston-Texas	0	0	0
Howard-Texas	0	0	0
Hudspeth-Texas	0	0	0
Hunt-Texas	1	0	0
Hutchinson-Texas	0	0	0
Irion-Texas	0	0	0
Jack-Texas	0	0	0
Jackson-Texas	1	0	0
Jasper-Texas	0	0	0
Jeff Davis-Texas	0	0	0
Jefferson-Texas	8	1	0
Jim Hogg-Texas	0	0	0
Jim Wells-Texas	0	0	0
Johnson-Texas	6	0	0
Jones-Texas	0	0	0
Karnes-Texas	1	0	0
Kaufman-Texas	2	0	0
Kendall-Texas	4	0	0
Kenedy-Texas	0	0	0
Kent-Texas	0	0	0
Kerr-Texas	0	0	0
Kimble-Texas	0	0	0
King-Texas	0	0	0
Kinney-Texas	0	0	0
Kleberg-Texas	0	0	0
Knox-Texas	0	0	0
Lamar-Texas	1	0	0
Lamb-Texas	1	0	0
Lampasas-Texas	0	0	0
La Salle-Texas	0	0	0
Lavaca-Texas	1	0	0
Lee-Texas	0	0	0
Leon-Texas	0	0	0
Liberty-Texas	2	0	0
Limestone-Texas	1	0	0
Lipscomb-Texas	0	0	0
Live Oak-Texas	0	0	0
Llano-Texas	2	0	0
Loving-Texas	0	0	0
Lubbock-Texas	29	0	0
Lynn-Texas	0	0	0
McCulloch-Texas	0	0	0
McLennan-Texas	33	0	0
McMullen-Texas	0	0	0
Madison-Texas	0	0	0
Marion-Texas	0	0	0
Martin-Texas	1	0	0
Mason-Texas	0	0	0
Matagorda-Texas	10	1	0
Maverick-Texas	1	0	0
Medina-Texas	3	0	0
Menard-Texas	0	0	0
Midland-Texas	7	1	0
Milam-Texas	2	0	0
Mills-Texas	0	0	0
Mitchell-Texas	0	0	0
Montague-Texas	1	0	0
Montgomery-Texas	47	0	0
Moore-Texas	0	0	0
Morris-Texas	1	0	0
Motley-Texas	0	0	0
Nacogdoches-Texas	1	0	0
Navarro-Texas	1	0	0
Newton-Texas	0	0	0
Nolan-Texas	0	0	0
Nueces-Texas	18	0	0
Ochiltree-Texas	0	0	0
Oldham-Texas	2	1	0
Orange-Texas	1	0	0
Palo Pinto-Texas	0	0	0
Panola-Texas	0	0	0
Parker-Texas	2	0	0
Parmer-Texas	0	0	0
Pecos-Texas	0	0	0
Polk-Texas	0	0	0
Potter-Texas	3	0	0
Presidio-Texas	0	0	0
Rains-Texas	0	0	0
Randall-Texas	3	0	0
Reagan-Texas	0	0	0
Real-Texas	0	0	0
Red River-Texas	0	0	0
Reeves-Texas	1	0	0
Refugio-Texas	0	0	0
Roberts-Texas	0	0	0
Robertson-Texas	1	0	0
Rockwall-Texas	3	0	0
Runnels-Texas	0	0	0
Rusk-Texas	2	0	0
Sabine-Texas	0	0	0
San Augustine-Texas	0	0	0
San Jacinto-Texas	0	0	0
San Patricio-Texas	2	0	0
San Saba-Texas	0	0	0
Schleicher-Texas	0	0	0
Scurry-Texas	0	0	0
Shackelford-Texas	0	0	0
Shelby-Texas	1	0	0
Sherman-Texas	0	0	0
Smith-Texas	27	1	0
Somervell-Texas	0	0	0
Starr-Texas	2	0	0
Stephens-Texas	0	0	0
Sterling-Texas	0	0	0
Stonewall-Texas	0	0	0
Sutton-Texas	0	0	0
Swisher-Texas	1	0	0
Tarrant-Texas	114	1	0
Taylor-Texas	2	0	0
Terrell-Texas	0	0	0
Terry-Texas	4	0	0
Throckmorton-Texas	0	0	0
Titus-Texas	0	0	0
Tom Green-Texas	2	0	0
Travis-Texas	160	1	0
Trinity-Texas	0	0	0
Tyler-Texas	0	0	0
Upshur-Texas	0	0	0
Upton-Texas	0	0	0
Uvalde-Texas	1	0	0
Val Verde-Texas	3	0	0
Van Zandt-Texas	1	0	0
Victoria-Texas	3	0	0
Walker-Texas	2	0	0
Waller-Texas	0	0	0
Ward-Texas	0	0	0
Washington-Texas	3	0	0
Webb-Texas	19	0	0
Wharton-Texas	3	0	0
Wheeler-Texas	0	0	0
Wichita-Texas	15	0	0
Wilbarger-Texas	0	0	0
Willacy-Texas	1	0	0
Williamson-Texas	34	0	0
Wilson-Texas	1	0	0
Winkler-Texas	0	0	0
Wise-Texas	0	0	0
Wood-Texas	0	0	0
Yoakum-Texas	1	0	0
Young-Texas	1	0	0
Zapata-Texas	0	0	0
Zavala-Texas	0	0	0
Beaver-Utah	0	0	0
Box Elder-Utah	0	0	0
Cache-Utah	0	0	0
Carbon-Utah	0	0	0
Daggett-Utah	0	0	0
Davis-Utah	50	1	0
Duchesne-Utah	0	0	0
Emery-Utah	0	0	0
Garfield-Utah	0	0	0
Grand-Utah	0	0	0
Iron-Utah	0	0	0
Juab-Utah	0	0	0
Kane-Utah	0	0	0
Millard-Utah	0	0	0
Morgan-Utah	0	0	0
Piute-Utah	0	0	0
Rich-Utah	0	0	0
Salt Lake-Utah	218	0	0
San Juan-Utah	0	0	0
Sanpete-Utah	0	0	0
Sevier-Utah	0	0	0
Summit-Utah	102	0	0
Tooele-Utah	5	0	0
Uintah-Utah	0	0	0
Utah-Utah	26	0	0
Wasatch-Utah	28	0	0
Washington-Utah	9	0	0
Wayne-Utah	0	0	0
Weber-Utah	20	0	0
Addison-Vermont	13	0	0
Bennington-Vermont	15	0	0
Caledonia-Vermont	2	0	0
Chittenden-Vermont	90	4	0
Essex-Vermont	0	0	0
Franklin-Vermont	6	0	0
Grand Isle-Vermont	0	0	0
Lamoille-Vermont	6	0	0
Orange-Vermont	3	0	0
Orleans-Vermont	4	0	0
Rutland-Vermont	5	0	0
Washington-Vermont	9	0	0
Windham-Vermont	7	0	0
Windsor-Vermont	18	1	0
Accomack-Virginia	2	0	0
Albemarle-Virginia	8	0	0
Alleghany-Virginia	0	0	0
Amelia-Virginia	1	0	0
Amherst-Virginia	1	0	0
Appomattox-Virginia	0	0	0
Arlington-Virginia	63	0	0
Augusta-Virginia	0	0	0
Bath-Virginia	0	0	0
Bedford-Virginia	3	0	0
Bland-Virginia	0	0	0
Botetourt-Virginia	1	0	0
Brunswick-Virginia	0	0	0
Buchanan-Virginia	0	0	0
Buckingham-Virginia	0	0	0
Campbell-Virginia	0	0	0
Caroline-Virginia	0	0	0
Carroll-Virginia	0	0	0
Charles City-Virginia	1	0	0
Charlotte-Virginia	0	0	0
Chesterfield-Virginia	12	0	0
Clarke-Virginia	0	0	0
Craig-Virginia	0	0	0
Culpeper-Virginia	2	0	0
Cumberland-Virginia	0	0	0
Dickenson-Virginia	0	0	0
Dinwiddie-Virginia	0	0	0
Essex-Virginia	0	0	0
Fairfax-Virginia	124	1	0
Fauquier-Virginia	4	0	0
Floyd-Virginia	0	0	0
Fluvanna-Virginia	3	0	0
Franklin-Virginia	1	0	0
Frederick-Virginia	4	0	0
Giles-Virginia	0	0	0
Gloucester-Virginia	3	0	0
Goochland-Virginia	3	0	0
Grayson-Virginia	0	0	0
Greene-Virginia	1	0	0
Greensville-Virginia	0	0	0
Halifax-Virginia	1	0	0
Hanover-Virginia	2	0	0
Henrico-Virginia	28	2	0
Henry-Virginia	0	0	0
Highland-Virginia	0	0	0
Isle of Wight-Virginia	2	0	0
James City-Virginia	55	2	0
King and Queen-Virginia	0	0	0
King George-Virginia	1	0	0
King William-Virginia	0	0	0
Lancaster-Virginia	0	0	0
Lee-Virginia	2	0	0
Loudoun-Virginia	43	1	0
Louisa-Virginia	5	0	0
Lunenburg-Virginia	0	0	0
Madison-Virginia	2	0	0
Mathews-Virginia	1	0	0
Mecklenburg-Virginia	4	0	0
Middlesex-Virginia	0	0	0
Montgomery-Virginia	1	0	0
Nelson-Virginia	1	0	0
New Kent-Virginia	0	0	0
Northampton-Virginia	1	0	0
Northumberland-Virginia	2	0	0
Nottoway-Virginia	1	0	0
Orange-Virginia	1	0	0
Page-Virginia	0	0	0
Patrick-Virginia	0	0	0
Pittsylvania-Virginia	1	0	0
Powhatan-Virginia	0	0	0
Prince Edward-Virginia	2	0	0
Prince George-Virginia	2	0	0
Prince William-Virginia	44	0	0
Pulaski-Virginia	0	0	0
Rappahannock-Virginia	0	0	0
Richmond-Virginia	0	0	0
Roanoke-Virginia	1	0	0
Rockbridge-Virginia	2	0	0
Rockingham-Virginia	4	0	0
Russell-Virginia	0	0	0
Scott-Virginia	0	0	0
Shenandoah-Virginia	3	0	0
Smyth-Virginia	0	0	0
Southampton-Virginia	1	0	0
Spotsylvania-Virginia	3	0	0
Stafford-Virginia	11	0	0
Surry-Virginia	0	0	0
Sussex-Virginia	0	0	0
Tazewell-Virginia	0	0	0
Warren-Virginia	2	0	0
Washington-Virginia	1	0	0
Westmoreland-Virginia	0	0	0
Wise-Virginia	0	0	0
Wythe-Virginia	0	0	0
York-Virginia	9	1	0
Alexandria City-Virginia	0	0	0
Bedford City-Virginia	0	0	0
Bristol City-Virginia	0	0	0
Buena Vista City-Virginia	0	0	0
Charlottesville City-Virginia	0	0	0
Chesapeake City-Virginia	0	0	0
Clifton Forge City-Virginia	0	0	0
Colonial Heights Cit-Virginia	0	0	0
Covington City-Virginia	0	0	0
Danville City-Virginia	0	0	0
Emporia City-Virginia	0	0	0
Fairfax City-Virginia	0	0	0
Falls Church City-Virginia	0	0	0
Franklin City-Virginia	0	0	0
Fredericksburg City-Virginia	0	0	0
Galax City-Virginia	0	0	0
Hampton City-Virginia	0	0	0
Harrisonburg City-Virginia	0	0	0
Hopewell City-Virginia	0	0	0
Lexington City-Virginia	0	0	0
Lynchburg City-Virginia	0	0	0
Manassas City-Virginia	0	0	0
Manassas Park City-Virginia	0	0	0
Martinsville City-Virginia	0	0	0
Newport News City-Virginia	0	0	0
Norfolk City-Virginia	0	0	0
Norton City-Virginia	0	0	0
Petersburg City-Virginia	0	0	0
Poquoson City-Virginia	0	0	0
Portsmouth City-Virginia	0	0	0
Radford City-Virginia	0	0	0
Richmond City-Virginia	17	0	0
Roanoke City-Virginia	1	0	0
Salem City-Virginia	0	0	0
South Boston City-Virginia	0	0	0
Staunton City-Virginia	0	0	0
Suffolk City-Virginia	0	0	0
Virginia Beach City-Virginia	0	0	0
Waynesboro City-Virginia	0	0	0
Williamsburg City-Virginia	0	0	0
Winchester City-Virginia	0	0	0
Adams-Washington	3	0	0
Asotin-Washington	0	0	0
Benton-Washington	42	4	0
Chelan-Washington	12	1	0
Clallam-Washington	5	0	0
Clark-Washington	76	6	0
Columbia-Washington	1	0	0
Cowlitz-Washington	7	0	0
Douglas-Washington	5	0	0
Ferry-Washington	1	0	0
Franklin-Washington	12	0	0
Garfield-Washington	0	0	0
Grant-Washington	39	1	0
Grays Harbor-Washington	1	0	0
Island-Washington	64	1	0
Jefferson-Washington	11	0	0
King-Washington	1577	109	0
Kitsap-Washington	33	0	0
Kittitas-Washington	8	0	0
Klickitat-Washington	7	0	0
Lewis-Washington	5	0	0
Lincoln-Washington	1	0	0
Mason-Washington	2	0	0
Okanogan-Washington	1	0	0
Pacific-Washington	0	0	0
Pend Oreille-Washington	0	0	0
Pierce-Washington	231	5	0
San Juan-Washington	2	0	0
Skagit-Washington	78	1	0
Skamania-Washington	0	0	0
Snohomish-Washington	912	23	0
Spokane-Washington	83	0	0
Stevens-Washington	2	0	0
Thurston-Washington	24	0	0
Wahkiakum-Washington	0	0	0
Walla Walla-Washington	2	0	0
Whatcom-Washington	92	4	0
Whitman-Washington	5	0	0
Yakima-Washington	66	2	0
Barbour-West Virginia	0	0	0
Berkeley-West Virginia	4	0	0
Boone-West Virginia	0	0	0
Braxton-West Virginia	0	0	0
Brooke-West Virginia	0	0	0
Cabell-West Virginia	0	0	0
Calhoun-West Virginia	0	0	0
Clay-West Virginia	0	0	0
Doddridge-West Virginia	0	0	0
Fayette-West Virginia	0	0	0
Gilmer-West Virginia	0	0	0
Grant-West Virginia	0	0	0
Greenbrier-West Virginia	0	0	0
Hampshire-West Virginia	0	0	0
Hancock-West Virginia	0	0	0
Hardy-West Virginia	0	0	0
Harrison-West Virginia	4	0	0
Jackson-West Virginia	5	0	0
Jefferson-West Virginia	4	0	0
Kanawha-West Virginia	15	0	0
Lewis-West Virginia	0	0	0
Lincoln-West Virginia	0	0	0
Logan-West Virginia	1	0	0
McDowell-West Virginia	0	0	0
Marion-West Virginia	2	0	0
Marshall-West Virginia	3	0	0
Mason-West Virginia	1	0	0
Mercer-West Virginia	2	0	0
Mineral-West Virginia	0	0	0
Mingo-West Virginia	0	0	0
Monongalia-West Virginia	24	0	0
Monroe-West Virginia	0	0	0
Morgan-West Virginia	0	0	0
Nicholas-West Virginia	0	0	0
Ohio-West Virginia	1	0	0
Pendleton-West Virginia	0	0	0
Pleasants-West Virginia	0	0	0
Pocahontas-West Virginia	0	0	0
Preston-West Virginia	1	0	0
Putnam-West Virginia	2	0	0
Raleigh-West Virginia	2	0	0
Randolph-West Virginia	0	0	0
Ritchie-West Virginia	0	0	0
Roane-West Virginia	0	0	0
Summers-West Virginia	0	0	0
Taylor-West Virginia	0	0	0
Tucker-West Virginia	2	0	0
Tyler-West Virginia	0	0	0
Upshur-West Virginia	1	0	0
Wayne-West Virginia	0	0	0
Webster-West Virginia	0	0	0
Wetzel-West Virginia	0	0	0
Wirt-West Virginia	0	0	0
Wood-West Virginia	2	0	0
Wyoming-West Virginia	0	0	0
Adams-Wisconsin	0	0	0
Ashland-Wisconsin	0	0	0
Barron-Wisconsin	0	0	0
Bayfield-Wisconsin	2	0	0
Brown-Wisconsin	5	0	0
Buffalo-Wisconsin	0	0	0
Burnett-Wisconsin	0	0	0
Calumet-Wisconsin	1	0	0
Chippewa-Wisconsin	3	0	0
Clark-Wisconsin	2	0	0
Columbia-Wisconsin	6	0	0
Crawford-Wisconsin	0	0	0
Dane-Wisconsin	158	1	0
Dodge-Wisconsin	6	0	0
Door-Wisconsin	0	0	0
Douglas-Wisconsin	5	0	0
Dunn-Wisconsin	2	0	0
Eau Claire-Wisconsin	7	0	0
Florence-Wisconsin	0	0	0
Fond du Lac-Wisconsin	18	1	0
Forest-Wisconsin	0	0	0
Grant-Wisconsin	1	0	0
Green-Wisconsin	3	0	0
Green Lake-Wisconsin	0	0	0
Iowa-Wisconsin	3	0	0
Iron-Wisconsin	1	1	0
Jackson-Wisconsin	0	0	0
Jefferson-Wisconsin	6	0	0
Juneau-Wisconsin	2	0	0
Kenosha-Wisconsin	23	0	0
Kewaunee-Wisconsin	0	0	0
La Crosse-Wisconsin	14	0	0
Lafayette-Wisconsin	0	0	0
Langlade-Wisconsin	0	0	0
Lincoln-Wisconsin	0	0	0
Manitowoc-Wisconsin	0	0	0
Marathon-Wisconsin	1	0	0
Marinette-Wisconsin	1	0	0
Marquette-Wisconsin	0	0	0
Menominee-Wisconsin	0	0	0
Milwaukee-Wisconsin	411	8	0
Monroe-Wisconsin	1	0	0
Oconto-Wisconsin	0	0	0
Oneida-Wisconsin	0	0	0
Outagamie-Wisconsin	4	0	0
Ozaukee-Wisconsin	30	3	0
Pepin-Wisconsin	0	0	0
Pierce-Wisconsin	4	0	0
Polk-Wisconsin	0	0	0
Portage-Wisconsin	1	0	0
Price-Wisconsin	0	0	0
Racine-Wisconsin	9	0	0
Richland-Wisconsin	0	0	0
Rock-Wisconsin	12	0	0
Rusk-Wisconsin	0	0	0
St Croix-Wisconsin	0	0	0
Sauk-Wisconsin	8	0	0
Sawyer-Wisconsin	0	0	0
Shawano-Wisconsin	0	0	0
Sheboygan-Wisconsin	7	0	0
Taylor-Wisconsin	0	0	0
Trempealeau-Wisconsin	0	0	0
Vernon-Wisconsin	0	0	0
Vilas-Wisconsin	2	0	0
Walworth-Wisconsin	5	0	0
Washburn-Wisconsin	0	0	0
Washington-Wisconsin	27	0	0
Waukesha-Wisconsin	61	0	0
Waupaca-Wisconsin	1	0	0
Waushara-Wisconsin	0	0	0
Winnebago-Wisconsin	6	0	0
Wood-Wisconsin	2	0	0
Albany-Wyoming	1	0	0
Big Horn-Wyoming	0	0	0
Campbell-Wyoming	1	0	0
Carbon-Wyoming	3	0	0
Converse-Wyoming	0	0	0
Crook-Wyoming	0	0	0
Fremont-Wyoming	17	0	0
Goshen-Wyoming	1	0	0
Hot Springs-Wyoming	0	0	0
Johnson-Wyoming	4	0	0
Laramie-Wyoming	17	0	0
Lincoln-Wyoming	0	0	0
Natrona-Wyoming	8	0	0
Niobrara-Wyoming	0	0	0
Park-Wyoming	1	0	0
Platte-Wyoming	0	0	0
Sheridan-Wyoming	5	0	0
Sublette-Wyoming	0	0	0
Sweetwater-Wyoming	1	0	0
Teton-Wyoming	10	0	0
Uinta-Wyoming	0	0	0
Washakie-Wyoming	1	0	0
Weston-Wyoming	0	0	0
Unknown-American Samoa	0	0	0
Manua-American Samoa	0	0	0
Ofu-American Samoa	0	0	0
Olosega-American Samoa	0	0	0
Tutuila-American Samoa	0	0	0
Cocos Island-Northern Mariana Islands	0	0	0
Guam-Guam	0	0	0
Rota-Northern Mariana Islands	0	0	0
Saipan-Northern Mariana Islands	0	0	0
Aguijan-Northern Mariana Islands	0	0	0
Tinian-Northern Mariana Islands	0	0	0
Adjuntas-Puerto Rico	0	0	0
Aguada-Puerto Rico	0	0	0
Aguadilla-Puerto Rico	0	0	0
Aguas Buenas-Puerto Rico	0	0	0
Aibonito-Puerto Rico	0	0	0
Anasco-Puerto Rico	0	0	0
Arecibo-Puerto Rico	0	0	0
Arroyo-Puerto Rico	0	0	0
Barceloneta-Puerto Rico	0	0	0
Barranquitas-Puerto Rico	0	0	0
Bayamon-Puerto Rico	0	0	0
Cabo Rojo-Puerto Rico	0	0	0
Caguas-Puerto Rico	0	0	0
Camuy-Puerto Rico	0	0	0
Canovanas-Puerto Rico	0	0	0
Carolina-Puerto Rico	0	0	0
Catano-Puerto Rico	0	0	0
Cayey-Puerto Rico	0	0	0
Ceiba-Puerto Rico	0	0	0
Cidra-Puerto Rico	0	0	0
Coamo-Puerto Rico	0	0	0
Comerio-Puerto Rico	0	0	0
Corozal-Puerto Rico	0	0	0
Culebra-Puerto Rico	0	0	0
Dorado-Puerto Rico	0	0	0
Fajardo-Puerto Rico	0	0	0
Florida-Puerto Rico	0	0	0
Guanica-Puerto Rico	0	0	0
Guayama-Puerto Rico	0	0	0
Guayanilla-Puerto Rico	0	0	0
Guaynabo-Puerto Rico	0	0	0
Gurabo-Puerto Rico	0	0	0
Hatillo-Puerto Rico	0	0	0
Hormigueros-Puerto Rico	0	0	0
Isabela-Puerto Rico	0	0	0
Jayuya-Puerto Rico	0	0	0
Juana Diaz-Puerto Rico	0	0	0
Juncos-Puerto Rico	0	0	0
Lajas-Puerto Rico	0	0	0
Lares-Puerto Rico	0	0	0
Las Marias-Puerto Rico	0	0	0
Las Piedras-Puerto Rico	0	0	0
Loiza-Puerto Rico	0	0	0
Luquillo-Puerto Rico	0	0	0
Manati-Puerto Rico	0	0	0
Maricao-Puerto Rico	0	0	0
Maunabo-Puerto Rico	0	0	0
Mayaguez-Puerto Rico	0	0	0
Moca-Puerto Rico	0	0	0
Morovis-Puerto Rico	0	0	0
Nabuabo-Puerto Rico	0	0	0
Naranjito-Puerto Rico	0	0	0
Orocovis-Puerto Rico	0	0	0
Patillas-Puerto Rico	0	0	0
Penuelas-Puerto Rico	0	0	0
Ponce-Puerto Rico	0	0	0
Quebradillas-Puerto Rico	0	0	0
Rincon-Puerto Rico	0	0	0
Rio Grande-Puerto Rico	0	0	0
Sabana Grande-Puerto Rico	0	0	0
Salinas-Puerto Rico	0	0	0
San German-Puerto Rico	0	0	0
San Juan-Puerto Rico	0	0	0
San Lorenzo-Puerto Rico	0	0	0
San Sabastian-Puerto Rico	0	0	0
Santa Isabel-Puerto Rico	0	0	0
Toa Alta-Puerto Rico	0	0	0
Toa Baja-Puerto Rico	0	0	0
Trujillo Alto-Puerto Rico	0	0	0
Utuado-Puerto Rico	0	0	0
Vega Alta-Puerto Rico	0	0	0
Vega Baja-Puerto Rico	0	0	0
Vieques-Puerto Rico	0	0	0
Villalba-Puerto Rico	0	0	0
Yabucoa-Puerto Rico	0	0	0
Yauco-Puerto Rico	0	0	0
St. Croix-US Virgin Islands	0	0	0
St. John-US Virgin Islands	0	0	0
St. Thomas-US Virgin Islands	0	0	0
